Workbook
Name Date_1: OFFSET(#REF!,,,1,#REF!)
Name margem_di: '[1]Margem Teorica Maxima'!$I$4:$M$45
Name S_1: OFFSET([2]backgroundcixn!$D$10:$KY$10,,,1,[2]CIXN!$G$2)
Name S_10: OFFSET([2]backgroundcixn!$D$60:$KY$60,,,1,[2]CIXN!$G$2)
Name S_11: OFFSET([2]backgroundcixn!$D$70:$KY$70,,,1,[2]CIXN!$G$2)
Name S_12: OFFSET([2]backgroundcixn!$D$80:$KY$80,,,1,[2]CIXN!$G$2)
Name S_13: OFFSET([2]backgroundcixn!$D$130:$KY$130,,,1,[2]CIXN!$G$2)
Name S_14: OFFSET([2]backgroundcixn!$D$140:$KY$140,,,1,[2]CIXN!$G$2)
Name S_15: OFFSET([2]backgroundcixn!$D$150:$KY$150,,,1,[2]CIXN!$G$2)
Name S_16: OFFSET([2]backgroundcixn!$D$160:$KY$160,,,1,[2]CIXN!$G$2)
Name S_2: OFFSET([2]backgroundcixn!$D$20:$KY$20,,,1,[2]CIXN!$G$2)
Name S_3: OFFSET([2]backgroundcixn!$D$30:$KY$30,,,1,[2]CIXN!$G$2)
Name S_4: OFFSET([2]backgroundcixn!$D$40:$KY$40,,,1,[2]CIXN!$G$2)
Name S_5: OFFSET([2]backgroundcixn!$D$90:$KY$90,,,1,[2]CIXN!$G$2)
Name S_6: OFFSET([2]backgroundcixn!$D$100:$KY$100,,,1,[2]CIXN!$G$2)
Name S_7: OFFSET([2]backgroundcixn!$D$110:$KY$110,,,1,[2]CIXN!$G$2)
Name S_8: OFFSET([2]backgroundcixn!$D$120:$KY$120,,,1,[2]CIXN!$G$2)
Name S_9: OFFSET([2]backgroundcixn!$D$50:$KY$50,,,1,[2]CIXN!$G$2)
Name var: OFFSET('[3]COD data'!XEV1048573, 0, 0, 1, '[3]COD data'!XEX1048565)

Sheet SR3
A1: SR3 | B1: CME
A2: SR3 | B2: instrument ID | C2: Name | D2: Ask | E2: Bid | F2: Last | G2: CTQ | H2: Settle | I2: Status | J2: CTQ | K2: Mid | L2: Last
A3: =$A$2&LEFT('cont list_bg'!G6,1)&RIGHT('cont list_bg'!G6,1) -> SR3H6 | B3: =RTD("tt.rtd",,"Inst",$B$1,$A3) -> 2264814074172926158 | C3: =RIGHT(RTD("tt.rtd",,$B3,C$2),2) -> H6 | D3: =RTD("tt.rtd",,$B3,D$2) -> 96.3775 | E3: =RTD("tt.rtd",,$B3,E$2) -> 96.3750 | F3: =RTD("tt.rtd",,$B3,F$2) -> 96.3775 | G3: =RTD("tt.rtd",,$B3,G$2) -> 1 | H3: =RTD("tt.rtd",,$B3,H$2) -> 96.3750 | I3: =RTD("tt.rtd",,$B3,I$2) -> Open | J3: =RTD("tt.rtd",,$B3,J$2) -> 1 | K3: =IFERROR(IF(I3="Open",(E3+D3)/2,H3),H3) -> 96.37625 | L3: =IF(AND(I3="Open",G3>0),F3,K3) -> 96.3775
A4: =$A$2&LEFT('cont list_bg'!G7,1)&RIGHT('cont list_bg'!G7,1) -> SR3M6 | B4: =RTD("tt.rtd",,"Inst",$B$1,$A4) -> 2518875037886751798 | C4: =RIGHT(RTD("tt.rtd",,$B4,C$2),2) -> M6 | D4: =RTD("tt.rtd",,$B4,D$2) -> 96.3500 | E4: =RTD("tt.rtd",,$B4,E$2) -> 96.3475 | F4: =RTD("tt.rtd",,$B4,F$2) -> 96.3500 | G4: =RTD("tt.rtd",,$B4,G$2) -> 4139 | H4: =RTD("tt.rtd",,$B4,H$2) -> 96.3325 | I4: =RTD("tt.rtd",,$B4,I$2) -> Open | J4: =RTD("tt.rtd",,$B4,J$2) -> 4139 | K4: =IFERROR(IF(I4="Open",(E4+D4)/2,H4),H4) -> 96.34875 | L4: =IF(AND(I4="Open",G4>0),F4,K4) -> 96.3500
A5: =$A$2&LEFT('cont list_bg'!G8,1)&RIGHT('cont list_bg'!G8,1) -> SR3U6 | B5: =RTD("tt.rtd",,"Inst",$B$1,$A5) -> 10056698436755136015 | C5: =RIGHT(RTD("tt.rtd",,$B5,C$2),2) -> U6 | D5: =RTD("tt.rtd",,$B5,D$2) -> 96.290 | E5: =RTD("tt.rtd",,$B5,E$2) -> 96.285 | F5: =RTD("tt.rtd",,$B5,F$2) -> 96.285 | G5: =RTD("tt.rtd",,$B5,G$2) -> 43 | H5: =RTD("tt.rtd",,$B5,H$2) -> 96.220 | I5: =RTD("tt.rtd",,$B5,I$2) -> Open | J5: =RTD("tt.rtd",,$B5,J$2) -> 43 | K5: =IFERROR(IF(I5="Open",(E5+D5)/2,H5),H5) -> 96.2875 | L5: =IF(AND(I5="Open",G5>0),F5,K5) -> 96.285
A6: =$A$2&LEFT('cont list_bg'!G9,1)&RIGHT('cont list_bg'!G9,1) -> SR3Z6 | B6: =RTD("tt.rtd",,"Inst",$B$1,$A6) -> 3761391845186607269 | C6: =RIGHT(RTD("tt.rtd",,$B6,C$2),2) -> Z6 | D6: =RTD("tt.rtd",,$B6,D$2) -> 96.195 | E6: =RTD("tt.rtd",,$B6,E$2) -> 96.190 | F6: =RTD("tt.rtd",,$B6,F$2) -> 96.190 | G6: =RTD("tt.rtd",,$B6,G$2) -> 200 | H6: =RTD("tt.rtd",,$B6,H$2) -> 96.085 | I6: =RTD("tt.rtd",,$B6,I$2) -> Open | J6: =RTD("tt.rtd",,$B6,J$2) -> 200 | K6: =IFERROR(IF(I6="Open",(E6+D6)/2,H6),H6) -> 96.1925 | L6: =IF(AND(I6="Open",G6>0),F6,K6) -> 96.190
A7: =$A$2&LEFT('cont list_bg'!G10,1)&RIGHT('cont list_bg'!G10,1) -> SR3H7 | B7: =RTD("tt.rtd",,"Inst",$B$1,$A7) -> 8786029629332899618 | C7: =RIGHT(RTD("tt.rtd",,$B7,C$2),2) -> H7 | D7: =RTD("tt.rtd",,$B7,D$2) -> 96.110 | E7: =RTD("tt.rtd",,$B7,E$2) -> 96.105 | F7: =RTD("tt.rtd",,$B7,F$2) -> 96.105 | G7: =RTD("tt.rtd",,$B7,G$2) -> 345 | H7: =RTD("tt.rtd",,$B7,H$2) -> 95.970 | I7: =RTD("tt.rtd",,$B7,I$2) -> Open | J7: =RTD("tt.rtd",,$B7,J$2) -> 345 | K7: =IFERROR(IF(I7="Open",(E7+D7)/2,H7),H7) -> 96.1075 | L7: =IF(AND(I7="Open",G7>0),F7,K7) -> 96.105
A8: =$A$2&LEFT('cont list_bg'!G11,1)&RIGHT('cont list_bg'!G11,1) -> SR3M7 | B8: =RTD("tt.rtd",,"Inst",$B$1,$A8) -> 6064266935547558467 | C8: =RIGHT(RTD("tt.rtd",,$B8,C$2),2) -> M7 | D8: =RTD("tt.rtd",,$B8,D$2) -> 96.075 | E8: =RTD("tt.rtd",,$B8,E$2) -> 96.070 | F8: =RTD("tt.rtd",,$B8,F$2) -> 96.075 | G8: =RTD("tt.rtd",,$B8,G$2) -> 15 | H8: =RTD("tt.rtd",,$B8,H$2) -> 95.930 | I8: =RTD("tt.rtd",,$B8,I$2) -> Open | J8: =RTD("tt.rtd",,$B8,J$2) -> 15 | K8: =IFERROR(IF(I8="Open",(E8+D8)/2,H8),H8) -> 96.0725 | L8: =IF(AND(I8="Open",G8>0),F8,K8) -> 96.075
A9: =$A$2&LEFT('cont list_bg'!G12,1)&RIGHT('cont list_bg'!G12,1) -> SR3U7 | B9: =RTD("tt.rtd",,"Inst",$B$1,$A9) -> 10582686653072545408 | C9: =RIGHT(RTD("tt.rtd",,$B9,C$2),2) -> U7 | D9: =RTD("tt.rtd",,$B9,D$2) -> 96.085 | E9: =RTD("tt.rtd",,$B9,E$2) -> 96.080 | F9: =RTD("tt.rtd",,$B9,F$2) -> 96.080 | G9: =RTD("tt.rtd",,$B9,G$2) -> 42 | H9: =RTD("tt.rtd",,$B9,H$2) -> 95.945 | I9: =RTD("tt.rtd",,$B9,I$2) -> Open | J9: =RTD("tt.rtd",,$B9,J$2) -> 42 | K9: =IFERROR(IF(I9="Open",(E9+D9)/2,H9),H9) -> 96.0825 | L9: =IF(AND(I9="Open",G9>0),F9,K9) -> 96.080
A10: =$A$2&LEFT('cont list_bg'!G13,1)&RIGHT('cont list_bg'!G13,1) -> SR3Z7 | B10: =RTD("tt.rtd",,"Inst",$B$1,$A10) -> 17925935412019565973 | C10: =RIGHT(RTD("tt.rtd",,$B10,C$2),2) -> Z7 | D10: =RTD("tt.rtd",,$B10,D$2) -> 96.125 | E10: =RTD("tt.rtd",,$B10,E$2) -> 96.120 | F10: =RTD("tt.rtd",,$B10,F$2) -> 96.120 | G10: =RTD("tt.rtd",,$B10,G$2) -> 486 | H10: =RTD("tt.rtd",,$B10,H$2) -> 95.990 | I10: =RTD("tt.rtd",,$B10,I$2) -> Open | J10: =RTD("tt.rtd",,$B10,J$2) -> 486 | K10: =IFERROR(IF(I10="Open",(E10+D10)/2,H10),H10) -> 96.1225 | L10: =IF(AND(I10="Open",G10>0),F10,K10) -> 96.120
A11: =$A$2&LEFT('cont list_bg'!G14,1)&RIGHT('cont list_bg'!G14,1) -> SR3H8 | B11: =RTD("tt.rtd",,"Inst",$B$1,$A11) -> 3822227243959035490 | C11: =RIGHT(RTD("tt.rtd",,$B11,C$2),2) -> H8 | D11: =RTD("tt.rtd",,$B11,D$2) -> 96.150 | E11: =RTD("tt.rtd",,$B11,E$2) -> 96.145 | F11: =RTD("tt.rtd",,$B11,F$2) -> 96.145 | G11: =RTD("tt.rtd",,$B11,G$2) -> 478 | H11: =RTD("tt.rtd",,$B11,H$2) -> 96.020 | I11: =RTD("tt.rtd",,$B11,I$2) -> Open | J11: =RTD("tt.rtd",,$B11,J$2) -> 478 | K11: =IFERROR(IF(I11="Open",(E11+D11)/2,H11),H11) -> 96.1475 | L11: =IF(AND(I11="Open",G11>0),F11,K11) -> 96.145
A12: =$A$2&LEFT('cont list_bg'!G15,1)&RIGHT('cont list_bg'!G15,1) -> SR3M8 | B12: =RTD("tt.rtd",,"Inst",$B$1,$A12) -> 12741923103719175711 | C12: =RIGHT(RTD("tt.rtd",,$B12,C$2),2) -> M8 | D12: =RTD("tt.rtd",,$B12,D$2) -> 96.145 | E12: =RTD("tt.rtd",,$B12,E$2) -> 96.140 | F12: =RTD("tt.rtd",,$B12,F$2) -> 96.140 | G12: =RTD("tt.rtd",,$B12,G$2) -> 143 | H12: =RTD("tt.rtd",,$B12,H$2) -> 96.020 | I12: =RTD("tt.rtd",,$B12,I$2) -> Open | J12: =RTD("tt.rtd",,$B12,J$2) -> 143 | K12: =IFERROR(IF(I12="Open",(E12+D12)/2,H12),H12) -> 96.1425 | L12: =IF(AND(I12="Open",G12>0),F12,K12) -> 96.140
A13: =$A$2&LEFT('cont list_bg'!G16,1)&RIGHT('cont list_bg'!G16,1) -> SR3U8 | B13: =RTD("tt.rtd",,"Inst",$B$1,$A13) -> 16673841811510079166 | C13: =RIGHT(RTD("tt.rtd",,$B13,C$2),2) -> U8 | D13: =RTD("tt.rtd",,$B13,D$2) -> 96.125 | E13: =RTD("tt.rtd",,$B13,E$2) -> 96.120 | F13: =RTD("tt.rtd",,$B13,F$2) -> 96.120 | G13: =RTD("tt.rtd",,$B13,G$2) -> 219 | H13: =RTD("tt.rtd",,$B13,H$2) -> 96.005 | I13: =RTD("tt.rtd",,$B13,I$2) -> Open | J13: =RTD("tt.rtd",,$B13,J$2) -> 219 | K13: =IFERROR(IF(I13="Open",(E13+D13)/2,H13),H13) -> 96.1225 | L13: =IF(AND(I13="Open",G13>0),F13,K13) -> 96.120
A14: =$A$2&LEFT('cont list_bg'!G17,1)&RIGHT('cont list_bg'!G17,1) -> SR3Z8 | B14: =RTD("tt.rtd",,"Inst",$B$1,$A14) -> 7359239446017790966 | C14: =RIGHT(RTD("tt.rtd",,$B14,C$2),2) -> Z8 | D14: =RTD("tt.rtd",,$B14,D$2) -> 96.100 | E14: =RTD("tt.rtd",,$B14,E$2) -> 96.095 | F14: =RTD("tt.rtd",,$B14,F$2) -> 96.095 | G14: =RTD("tt.rtd",,$B14,G$2) -> 5 | H14: =RTD("tt.rtd",,$B14,H$2) -> 95.990 | I14: =RTD("tt.rtd",,$B14,I$2) -> Open | J14: =RTD("tt.rtd",,$B14,J$2) -> 5 | K14: =IFERROR(IF(I14="Open",(E14+D14)/2,H14),H14) -> 96.0975 | L14: =IF(AND(I14="Open",G14>0),F14,K14) -> 96.095
... A27: =$A$2&LEFT('cont list_bg'!G30,1)&RIGHT('cont list_bg'!G30,1) -> SR3H2 | B27: =RTD("tt.rtd",,"Inst",$B$1,$A27) -> 11954488268734512343 | C27: =RIGHT(RTD("tt.rtd",,$B27,C$2),2) -> H2 | D27: =RTD("tt.rtd",,$B27,D$2) -> 95.695 | E27: =RTD("tt.rtd",,$B27,E$2) -> 95.655 | F27: =RTD("tt.rtd",,$B27,F$2) -> 95.625 | G27: =RTD("tt.rtd",,$B27,G$2) -> 4 | H27: =RTD("tt.rtd",,$B27,H$2) -> 95.580 | I27: =RTD("tt.rtd",,$B27,I$2) -> Open | J27: =RTD("tt.rtd",,$B27,J$2) -> 4 | K27: =IFERROR(IF(I27="Open",(E27+D27)/2,H27),H27) -> 95.675 | L27: =IF(AND(I27="Open",G27>0),F27,K27) -> 95.625

Sheet ER
A1: ER | B1: ICE_L
A2: I | B2: instrument ID | C2: Name | D2: Ask | E2: Bid | F2: Last | G2: CTQ | H2: Settle | I2: Status | J2: CTQ | K2: Mid | L2: Last
A3: =$A$2&" FM"&LEFT('cont list_bg'!C6,1)&"00"&RIGHT('cont list_bg'!C6,2)&"!" -> I FMH0026!
A4: =$A$2&" FM"&LEFT('cont list_bg'!C7,1)&"00"&RIGHT('cont list_bg'!C7,2)&"!" -> I FMM0026! | B4: =RTD("tt.rtd",,"Inst",$B$1,$A4) -> 5444827104880269937 | C4: =MID(RTD("tt.rtd",,$B4,C$2),7,1)&MID(RTD("tt.rtd",,$B4,C$2),11,1) -> M6 | D4: =RTD("tt.rtd",,$B4,D$2) -> "services.rtd.subscriptionError" | E4: =RTD("tt.rtd",,$B4,E$2) -> "services.rtd.subscriptionError" | F4: =RTD("tt.rtd",,$B4,F$2) -> "services.rtd.subscriptionError" | G4: =RTD("tt.rtd",,$B4,G$2) -> "services.rtd.subscriptionError" | H4: =RTD("tt.rtd",,$B4,H$2) -> "services.rtd.subscriptionError" | I4: =RTD("tt.rtd",,$B4,I$2) -> "services.rtd.subscriptionError" | J4: =RTD("tt.rtd",,$B4,J$2) -> "services.rtd.subscriptionError" | K4: =IFERROR(IF(I4="Open",(E4+D4)/2,H4),H4) -> "services.rtd.subscriptionError" | L4: =IF(AND(I4="Open",G4>0),F4,K4) -> "services.rtd.subscriptionError"
A5: =$A$2&" FM"&LEFT('cont list_bg'!C8,1)&"00"&RIGHT('cont list_bg'!C8,2)&"!" -> I FMU0026! | B5: =RTD("tt.rtd",,"Inst",$B$1,$A5) -> 6628990053936569924 | C5: =MID(RTD("tt.rtd",,$B5,C$2),7,1)&MID(RTD("tt.rtd",,$B5,C$2),11,1) -> U6 | D5: =RTD("tt.rtd",,$B5,D$2) -> "services.rtd.subscriptionError" | E5: =RTD("tt.rtd",,$B5,E$2) -> "services.rtd.subscriptionError" | F5: =RTD("tt.rtd",,$B5,F$2) -> "services.rtd.subscriptionError" | G5: =RTD("tt.rtd",,$B5,G$2) -> "services.rtd.subscriptionError" | H5: =RTD("tt.rtd",,$B5,H$2) -> "services.rtd.subscriptionError" | I5: =RTD("tt.rtd",,$B5,I$2) -> "services.rtd.subscriptionError" | J5: =RTD("tt.rtd",,$B5,J$2) -> "services.rtd.subscriptionError" | K5: =IFERROR(IF(I5="Open",(E5+D5)/2,H5),H5) -> "services.rtd.subscriptionError" | L5: =IF(AND(I5="Open",G5>0),F5,K5) -> "services.rtd.subscriptionError"
A6: =$A$2&" FM"&LEFT('cont list_bg'!C9,1)&"00"&RIGHT('cont list_bg'!C9,2)&"!" -> I FMZ0026! | B6: =RTD("tt.rtd",,"Inst",$B$1,$A6) -> 196073038322495181 | C6: =MID(RTD("tt.rtd",,$B6,C$2),7,1)&MID(RTD("tt.rtd",,$B6,C$2),11,1) -> Z6 | D6: =RTD("tt.rtd",,$B6,D$2) -> "services.rtd.subscriptionError" | E6: =RTD("tt.rtd",,$B6,E$2) -> "services.rtd.subscriptionError" | F6: =RTD("tt.rtd",,$B6,F$2) -> "services.rtd.subscriptionError" | G6: =RTD("tt.rtd",,$B6,G$2) -> "services.rtd.subscriptionError" | H6: =RTD("tt.rtd",,$B6,H$2) -> "services.rtd.subscriptionError" | I6: =RTD("tt.rtd",,$B6,I$2) -> "services.rtd.subscriptionError" | J6: =RTD("tt.rtd",,$B6,J$2) -> "services.rtd.subscriptionError" | K6: =IFERROR(IF(I6="Open",(E6+D6)/2,H6),H6) -> "services.rtd.subscriptionError" | L6: =IF(AND(I6="Open",G6>0),F6,K6) -> "services.rtd.subscriptionError"
A7: =$A$2&" FM"&LEFT('cont list_bg'!C10,1)&"00"&RIGHT('cont list_bg'!C10,2)&"!" -> I FMH0027! | B7: =RTD("tt.rtd",,"Inst",$B$1,$A7) -> 6532810731306051149 | C7: =MID(RTD("tt.rtd",,$B7,C$2),7,1)&MID(RTD("tt.rtd",,$B7,C$2),11,1) -> H7 | D7: =RTD("tt.rtd",,$B7,D$2) -> "services.rtd.subscriptionError" | E7: =RTD("tt.rtd",,$B7,E$2) -> "services.rtd.subscriptionError" | F7: =RTD("tt.rtd",,$B7,F$2) -> "services.rtd.subscriptionError" | G7: =RTD("tt.rtd",,$B7,G$2) -> "services.rtd.subscriptionError" | H7: =RTD("tt.rtd",,$B7,H$2) -> "services.rtd.subscriptionError" | I7: =RTD("tt.rtd",,$B7,I$2) -> "services.rtd.subscriptionError" | J7: =RTD("tt.rtd",,$B7,J$2) -> "services.rtd.subscriptionError" | K7: =IFERROR(IF(I7="Open",(E7+D7)/2,H7),H7) -> "services.rtd.subscriptionError" | L7: =IF(AND(I7="Open",G7>0),F7,K7) -> "services.rtd.subscriptionError"
A8: =$A$2&" FM"&LEFT('cont list_bg'!C11,1)&"00"&RIGHT('cont list_bg'!C11,2)&"!" -> I FMM0027! | B8: =RTD("tt.rtd",,"Inst",$B$1,$A8) -> 10290150595504250421 | C8: =MID(RTD("tt.rtd",,$B8,C$2),7,1)&MID(RTD("tt.rtd",,$B8,C$2),11,1) -> M7 | D8: =RTD("tt.rtd",,$B8,D$2) -> "services.rtd.subscriptionError" | E8: =RTD("tt.rtd",,$B8,E$2) -> "services.rtd.subscriptionError" | F8: =RTD("tt.rtd",,$B8,F$2) -> "services.rtd.subscriptionError" | G8: =RTD("tt.rtd",,$B8,G$2) -> "services.rtd.subscriptionError" | H8: =RTD("tt.rtd",,$B8,H$2) -> "services.rtd.subscriptionError" | I8: =RTD("tt.rtd",,$B8,I$2) -> "services.rtd.subscriptionError" | J8: =RTD("tt.rtd",,$B8,J$2) -> "services.rtd.subscriptionError" | K8: =IFERROR(IF(I8="Open",(E8+D8)/2,H8),H8) -> "services.rtd.subscriptionError" | L8: =IF(AND(I8="Open",G8>0),F8,K8) -> "services.rtd.subscriptionError"
A9: =$A$2&" FM"&LEFT('cont list_bg'!C12,1)&"00"&RIGHT('cont list_bg'!C12,2)&"!" -> I FMU0027! | B9: =RTD("tt.rtd",,"Inst",$B$1,$A9) -> 18341350720628559368 | C9: =MID(RTD("tt.rtd",,$B9,C$2),7,1)&MID(RTD("tt.rtd",,$B9,C$2),11,1) -> U7 | D9: =RTD("tt.rtd",,$B9,D$2) -> "services.rtd.subscriptionError" | E9: =RTD("tt.rtd",,$B9,E$2) -> "services.rtd.subscriptionError" | F9: =RTD("tt.rtd",,$B9,F$2) -> "services.rtd.subscriptionError" | G9: =RTD("tt.rtd",,$B9,G$2) -> "services.rtd.subscriptionError" | H9: =RTD("tt.rtd",,$B9,H$2) -> "services.rtd.subscriptionError" | I9: =RTD("tt.rtd",,$B9,I$2) -> "services.rtd.subscriptionError" | J9: =RTD("tt.rtd",,$B9,J$2) -> "services.rtd.subscriptionError" | K9: =IFERROR(IF(I9="Open",(E9+D9)/2,H9),H9) -> "services.rtd.subscriptionError" | L9: =IF(AND(I9="Open",G9>0),F9,K9) -> "services.rtd.subscriptionError"
A10: =$A$2&" FM"&LEFT('cont list_bg'!C13,1)&"00"&RIGHT('cont list_bg'!C13,2)&"!" -> I FMZ0027! | B10: =RTD("tt.rtd",,"Inst",$B$1,$A10) -> 17244622560953637946 | C10: =MID(RTD("tt.rtd",,$B10,C$2),7,1)&MID(RTD("tt.rtd",,$B10,C$2),11,1) -> Z7 | D10: =RTD("tt.rtd",,$B10,D$2) -> "services.rtd.subscriptionError" | E10: =RTD("tt.rtd",,$B10,E$2) -> "services.rtd.subscriptionError" | F10: =RTD("tt.rtd",,$B10,F$2) -> "services.rtd.subscriptionError" | G10: =RTD("tt.rtd",,$B10,G$2) -> "services.rtd.subscriptionError" | H10: =RTD("tt.rtd",,$B10,H$2) -> "services.rtd.subscriptionError" | I10: =RTD("tt.rtd",,$B10,I$2) -> "services.rtd.subscriptionError" | J10: =RTD("tt.rtd",,$B10,J$2) -> "services.rtd.subscriptionError" | K10: =IFERROR(IF(I10="Open",(E10+D10)/2,H10),H10) -> "services.rtd.subscriptionError" | L10: =IF(AND(I10="Open",G10>0),F10,K10) -> "services.rtd.subscriptionError"
A11: =$A$2&" FM"&LEFT('cont list_bg'!C14,1)&"00"&RIGHT('cont list_bg'!C14,2)&"!" -> I FMH0028! | B11: =RTD("tt.rtd",,"Inst",$B$1,$A11) -> 6159411209048528655 | C11: =MID(RTD("tt.rtd",,$B11,C$2),7,1)&MID(RTD("tt.rtd",,$B11,C$2),11,1) -> H8 | D11: =RTD("tt.rtd",,$B11,D$2) -> "services.rtd.subscriptionError" | E11: =RTD("tt.rtd",,$B11,E$2) -> "services.rtd.subscriptionError" | F11: =RTD("tt.rtd",,$B11,F$2) -> "services.rtd.subscriptionError" | G11: =RTD("tt.rtd",,$B11,G$2) -> "services.rtd.subscriptionError" | H11: =RTD("tt.rtd",,$B11,H$2) -> "services.rtd.subscriptionError" | I11: =RTD("tt.rtd",,$B11,I$2) -> "services.rtd.subscriptionError" | J11: =RTD("tt.rtd",,$B11,J$2) -> "services.rtd.subscriptionError" | K11: =IFERROR(IF(I11="Open",(E11+D11)/2,H11),H11) -> "services.rtd.subscriptionError" | L11: =IF(AND(I11="Open",G11>0),F11,K11) -> "services.rtd.subscriptionError"
A12: =$A$2&" FM"&LEFT('cont list_bg'!C15,1)&"00"&RIGHT('cont list_bg'!C15,2)&"!" -> I FMM0028! | B12: =RTD("tt.rtd",,"Inst",$B$1,$A12) -> 16203147123713749534 | C12: =MID(RTD("tt.rtd",,$B12,C$2),7,1)&MID(RTD("tt.rtd",,$B12,C$2),11,1) -> M8 | D12: =RTD("tt.rtd",,$B12,D$2) -> "services.rtd.subscriptionError" | E12: =RTD("tt.rtd",,$B12,E$2) -> "services.rtd.subscriptionError" | F12: =RTD("tt.rtd",,$B12,F$2) -> "services.rtd.subscriptionError" | G12: =RTD("tt.rtd",,$B12,G$2) -> "services.rtd.subscriptionError" | H12: =RTD("tt.rtd",,$B12,H$2) -> "services.rtd.subscriptionError" | I12: =RTD("tt.rtd",,$B12,I$2) -> "services.rtd.subscriptionError" | J12: =RTD("tt.rtd",,$B12,J$2) -> "services.rtd.subscriptionError" | K12: =IFERROR(IF(I12="Open",(E12+D12)/2,H12),H12) -> "services.rtd.subscriptionError" | L12: =IF(AND(I12="Open",G12>0),F12,K12) -> "services.rtd.subscriptionError"
A13: =$A$2&" FM"&LEFT('cont list_bg'!C16,1)&"00"&RIGHT('cont list_bg'!C16,2)&"!" -> I FMU0028! | B13: =RTD("tt.rtd",,"Inst",$B$1,$A13) -> 13181973989553924789 | C13: =MID(RTD("tt.rtd",,$B13,C$2),7,1)&MID(RTD("tt.rtd",,$B13,C$2),11,1) -> U8 | D13: =RTD("tt.rtd",,$B13,D$2) -> "services.rtd.subscriptionError" | E13: =RTD("tt.rtd",,$B13,E$2) -> "services.rtd.subscriptionError" | F13: =RTD("tt.rtd",,$B13,F$2) -> "services.rtd.subscriptionError" | G13: =RTD("tt.rtd",,$B13,G$2) -> "services.rtd.subscriptionError" | H13: =RTD("tt.rtd",,$B13,H$2) -> "services.rtd.subscriptionError" | I13: =RTD("tt.rtd",,$B13,I$2) -> "services.rtd.subscriptionError" | J13: =RTD("tt.rtd",,$B13,J$2) -> "services.rtd.subscriptionError" | K13: =IFERROR(IF(I13="Open",(E13+D13)/2,H13),H13) -> "services.rtd.subscriptionError" | L13: =IF(AND(I13="Open",G13>0),F13,K13) -> "services.rtd.subscriptionError"
A14: =$A$2&" FM"&LEFT('cont list_bg'!C17,1)&"00"&RIGHT('cont list_bg'!C17,2)&"!" -> I FMZ0028! | B14: =RTD("tt.rtd",,"Inst",$B$1,$A14) -> 6189133329181631919 | C14: =MID(RTD("tt.rtd",,$B14,C$2),7,1)&MID(RTD("tt.rtd",,$B14,C$2),11,1) -> Z8 | D14: =RTD("tt.rtd",,$B14,D$2) -> "services.rtd.subscriptionError" | E14: =RTD("tt.rtd",,$B14,E$2) -> "services.rtd.subscriptionError" | F14: =RTD("tt.rtd",,$B14,F$2) -> "services.rtd.subscriptionError" | G14: =RTD("tt.rtd",,$B14,G$2) -> "services.rtd.subscriptionError" | H14: =RTD("tt.rtd",,$B14,H$2) -> "services.rtd.subscriptionError" | I14: =RTD("tt.rtd",,$B14,I$2) -> "services.rtd.subscriptionError" | J14: =RTD("tt.rtd",,$B14,J$2) -> "services.rtd.subscriptionError" | K14: =IFERROR(IF(I14="Open",(E14+D14)/2,H14),H14) -> "services.rtd.subscriptionError" | L14: =IF(AND(I14="Open",G14>0),F14,K14) -> "services.rtd.subscriptionError"
A15: =$A$2&" FM"&LEFT('cont list_bg'!C18,1)&"00"&RIGHT('cont list_bg'!C18,2)&"!" -> I FMH0029! | B15: =RTD("tt.rtd",,"Inst",$B$1,$A15) -> 1972877616990500330 | C15: =MID(RTD("tt.rtd",,$B15,C$2),7,1)&MID(RTD("tt.rtd",,$B15,C$2),11,1) -> H9 | D15: =RTD("tt.rtd",,$B15,D$2) -> "services.rtd.subscriptionError" | E15: =RTD("tt.rtd",,$B15,E$2) -> "services.rtd.subscriptionError" | F15: =RTD("tt.rtd",,$B15,F$2) -> "services.rtd.subscriptionError" | G15: =RTD("tt.rtd",,$B15,G$2) -> "services.rtd.subscriptionError" | H15: =RTD("tt.rtd",,$B15,H$2) -> "services.rtd.subscriptionError" | I15: =RTD("tt.rtd",,$B15,I$2) -> "services.rtd.subscriptionError" | J15: =RTD("tt.rtd",,$B15,J$2) -> "services.rtd.subscriptionError" | K15: =IFERROR(IF(I15="Open",(E15+D15)/2,H15),H15) -> "services.rtd.subscriptionError" | L15: =IF(AND(I15="Open",G15>0),F15,K15) -> "services.rtd.subscriptionError"
... A26: =$A$2&" FM"&LEFT('cont list_bg'!C29,1)&"00"&RIGHT('cont list_bg'!C29,2)&"!" -> I FMZ0031! | B26: =RTD("tt.rtd",,"Inst",$B$1,$A26) -> 11911434118028235803 | C26: =MID(RTD("tt.rtd",,$B26,C$2),7,1)&MID(RTD("tt.rtd",,$B26,C$2),11,1) -> Z1 | D26: =RTD("tt.rtd",,$B26,D$2) -> "services.rtd.subscriptionError" | E26: =RTD("tt.rtd",,$B26,E$2) -> "services.rtd.subscriptionError" | F26: =RTD("tt.rtd",,$B26,F$2) -> "services.rtd.subscriptionError" | G26: =RTD("tt.rtd",,$B26,G$2) -> "services.rtd.subscriptionError" | H26: =RTD("tt.rtd",,$B26,H$2) -> "services.rtd.subscriptionError" | I26: =RTD("tt.rtd",,$B26,I$2) -> "services.rtd.subscriptionError" | J26: =RTD("tt.rtd",,$B26,J$2) -> "services.rtd.subscriptionError" | K26: =IFERROR(IF(I26="Open",(E26+D26)/2,H26),H26) -> "services.rtd.subscriptionError" | L26: =IF(AND(I26="Open",G26>0),F26,K26) -> "services.rtd.subscriptionError"

Sheet SO3
A1: SO3 | B1: ICE_L
A2: SO3 | B2: instrument ID | C2: Name | D2: Ask | E2: Bid | F2: Last | G2: CTQ | H2: Settle | I2: Status | J2: CTQ | K2: Mid | L2: Last
A3: =$A$2&" FM"&LEFT('cont list_bg'!G6,1)&"00"&RIGHT('cont list_bg'!G6,2)&"!" -> SO3 FMH0026! | B3: =RTD("tt.rtd",,"Inst",$B$1,$A3) -> 1000973058687712295 | C3: =MID(RTD("tt.rtd",,$B3,C$2),7,1)&MID(RTD("tt.rtd",,$B3,C$2),11,1) -> H6 | D3: =RTD("tt.rtd",,$B3,D$2) -> "services.rtd.subscriptionError" | E3: =RTD("tt.rtd",,$B3,E$2) -> "services.rtd.subscriptionError" | F3: =RTD("tt.rtd",,$B3,F$2) -> "services.rtd.subscriptionError" | G3: =RTD("tt.rtd",,$B3,G$2) -> "services.rtd.subscriptionError" | H3: =RTD("tt.rtd",,$B3,H$2) -> "services.rtd.subscriptionError" | I3: =RTD("tt.rtd",,$B3,I$2) -> "services.rtd.subscriptionError" | J3: =RTD("tt.rtd",,$B3,J$2) -> "services.rtd.subscriptionError" | K3: =IFERROR(IF(I3="Open",(E3+D3)/2,H3),H3) -> "services.rtd.subscriptionError" | L3: =IF(AND(I3="Open",G3>0),F3,K3) -> "services.rtd.subscriptionError"
A4: =$A$2&" FM"&LEFT('cont list_bg'!G7,1)&"00"&RIGHT('cont list_bg'!G7,2)&"!" -> SO3 FMM0026! | B4: =RTD("tt.rtd",,"Inst",$B$1,$A4) -> 17388498933531365606 | C4: =MID(RTD("tt.rtd",,$B4,C$2),7,1)&MID(RTD("tt.rtd",,$B4,C$2),11,1) -> M6 | D4: =RTD("tt.rtd",,$B4,D$2) -> "services.rtd.subscriptionError" | E4: =RTD("tt.rtd",,$B4,E$2) -> "services.rtd.subscriptionError" | F4: =RTD("tt.rtd",,$B4,F$2) -> "services.rtd.subscriptionError" | G4: =RTD("tt.rtd",,$B4,G$2) -> "services.rtd.subscriptionError" | H4: =RTD("tt.rtd",,$B4,H$2) -> "services.rtd.subscriptionError" | I4: =RTD("tt.rtd",,$B4,I$2) -> "services.rtd.subscriptionError" | J4: =RTD("tt.rtd",,$B4,J$2) -> "services.rtd.subscriptionError" | K4: =IFERROR(IF(I4="Open",(E4+D4)/2,H4),H4) -> "services.rtd.subscriptionError" | L4: =IF(AND(I4="Open",G4>0),F4,K4) -> "services.rtd.subscriptionError"
A5: =$A$2&" FM"&LEFT('cont list_bg'!G8,1)&"00"&RIGHT('cont list_bg'!G8,2)&"!" -> SO3 FMU0026! | B5: =RTD("tt.rtd",,"Inst",$B$1,$A5) -> 14330867541177216896 | C5: =MID(RTD("tt.rtd",,$B5,C$2),7,1)&MID(RTD("tt.rtd",,$B5,C$2),11,1) -> U6 | D5: =RTD("tt.rtd",,$B5,D$2) -> "services.rtd.subscriptionError" | E5: =RTD("tt.rtd",,$B5,E$2) -> "services.rtd.subscriptionError" | F5: =RTD("tt.rtd",,$B5,F$2) -> "services.rtd.subscriptionError" | G5: =RTD("tt.rtd",,$B5,G$2) -> "services.rtd.subscriptionError" | H5: =RTD("tt.rtd",,$B5,H$2) -> "services.rtd.subscriptionError" | I5: =RTD("tt.rtd",,$B5,I$2) -> "services.rtd.subscriptionError" | J5: =RTD("tt.rtd",,$B5,J$2) -> "services.rtd.subscriptionError" | K5: =IFERROR(IF(I5="Open",(E5+D5)/2,H5),H5) -> "services.rtd.subscriptionError" | L5: =IF(AND(I5="Open",G5>0),F5,K5) -> "services.rtd.subscriptionError"
A6: =$A$2&" FM"&LEFT('cont list_bg'!G9,1)&"00"&RIGHT('cont list_bg'!G9,2)&"!" -> SO3 FMZ0026! | B6: =RTD("tt.rtd",,"Inst",$B$1,$A6) -> 2929215027186538641 | C6: =MID(RTD("tt.rtd",,$B6,C$2),7,1)&MID(RTD("tt.rtd",,$B6,C$2),11,1) -> Z6 | D6: =RTD("tt.rtd",,$B6,D$2) -> "services.rtd.subscriptionError" | E6: =RTD("tt.rtd",,$B6,E$2) -> "services.rtd.subscriptionError" | F6: =RTD("tt.rtd",,$B6,F$2) -> "services.rtd.subscriptionError" | G6: =RTD("tt.rtd",,$B6,G$2) -> "services.rtd.subscriptionError" | H6: =RTD("tt.rtd",,$B6,H$2) -> "services.rtd.subscriptionError" | I6: =RTD("tt.rtd",,$B6,I$2) -> "services.rtd.subscriptionError" | J6: =RTD("tt.rtd",,$B6,J$2) -> "services.rtd.subscriptionError" | K6: =IFERROR(IF(I6="Open",(E6+D6)/2,H6),H6) -> "services.rtd.subscriptionError" | L6: =IF(AND(I6="Open",G6>0),F6,K6) -> "services.rtd.subscriptionError"
A7: =$A$2&" FM"&LEFT('cont list_bg'!G10,1)&"00"&RIGHT('cont list_bg'!G10,2)&"!" -> SO3 FMH0027! | B7: =RTD("tt.rtd",,"Inst",$B$1,$A7) -> 12777480240935901350 | C7: =MID(RTD("tt.rtd",,$B7,C$2),7,1)&MID(RTD("tt.rtd",,$B7,C$2),11,1) -> H7 | D7: =RTD("tt.rtd",,$B7,D$2) -> "services.rtd.subscriptionError" | E7: =RTD("tt.rtd",,$B7,E$2) -> "services.rtd.subscriptionError" | F7: =RTD("tt.rtd",,$B7,F$2) -> "services.rtd.subscriptionError" | G7: =RTD("tt.rtd",,$B7,G$2) -> "services.rtd.subscriptionError" | H7: =RTD("tt.rtd",,$B7,H$2) -> "services.rtd.subscriptionError" | I7: =RTD("tt.rtd",,$B7,I$2) -> "services.rtd.subscriptionError" | J7: =RTD("tt.rtd",,$B7,J$2) -> "services.rtd.subscriptionError" | K7: =IFERROR(IF(I7="Open",(E7+D7)/2,H7),H7) -> "services.rtd.subscriptionError" | L7: =IF(AND(I7="Open",G7>0),F7,K7) -> "services.rtd.subscriptionError"
A8: =$A$2&" FM"&LEFT('cont list_bg'!G11,1)&"00"&RIGHT('cont list_bg'!G11,2)&"!" -> SO3 FMM0027! | B8: =RTD("tt.rtd",,"Inst",$B$1,$A8) -> 17489439929274896309 | C8: =MID(RTD("tt.rtd",,$B8,C$2),7,1)&MID(RTD("tt.rtd",,$B8,C$2),11,1) -> M7 | D8: =RTD("tt.rtd",,$B8,D$2) -> "services.rtd.subscriptionError" | E8: =RTD("tt.rtd",,$B8,E$2) -> "services.rtd.subscriptionError" | F8: =RTD("tt.rtd",,$B8,F$2) -> "services.rtd.subscriptionError" | G8: =RTD("tt.rtd",,$B8,G$2) -> "services.rtd.subscriptionError" | H8: =RTD("tt.rtd",,$B8,H$2) -> "services.rtd.subscriptionError" | I8: =RTD("tt.rtd",,$B8,I$2) -> "services.rtd.subscriptionError" | J8: =RTD("tt.rtd",,$B8,J$2) -> "services.rtd.subscriptionError" | K8: =IFERROR(IF(I8="Open",(E8+D8)/2,H8),H8) -> "services.rtd.subscriptionError" | L8: =IF(AND(I8="Open",G8>0),F8,K8) -> "services.rtd.subscriptionError"
A9: =$A$2&" FM"&LEFT('cont list_bg'!G12,1)&"00"&RIGHT('cont list_bg'!G12,2)&"!" -> SO3 FMU0027! | B9: =RTD("tt.rtd",,"Inst",$B$1,$A9) -> 13124315370012665646 | C9: =MID(RTD("tt.rtd",,$B9,C$2),7,1)&MID(RTD("tt.rtd",,$B9,C$2),11,1) -> U7 | D9: =RTD("tt.rtd",,$B9,D$2) -> "services.rtd.subscriptionError" | E9: =RTD("tt.rtd",,$B9,E$2) -> "services.rtd.subscriptionError" | F9: =RTD("tt.rtd",,$B9,F$2) -> "services.rtd.subscriptionError" | G9: =RTD("tt.rtd",,$B9,G$2) -> "services.rtd.subscriptionError" | H9: =RTD("tt.rtd",,$B9,H$2) -> "services.rtd.subscriptionError" | I9: =RTD("tt.rtd",,$B9,I$2) -> "services.rtd.subscriptionError" | J9: =RTD("tt.rtd",,$B9,J$2) -> "services.rtd.subscriptionError" | K9: =IFERROR(IF(I9="Open",(E9+D9)/2,H9),H9) -> "services.rtd.subscriptionError" | L9: =IF(AND(I9="Open",G9>0),F9,K9) -> "services.rtd.subscriptionError"
A10: =$A$2&" FM"&LEFT('cont list_bg'!G13,1)&"00"&RIGHT('cont list_bg'!G13,2)&"!" -> SO3 FMZ0027! | B10: =RTD("tt.rtd",,"Inst",$B$1,$A10) -> 6883681751251454284 | C10: =MID(RTD("tt.rtd",,$B10,C$2),7,1)&MID(RTD("tt.rtd",,$B10,C$2),11,1) -> Z7 | D10: =RTD("tt.rtd",,$B10,D$2) -> "services.rtd.subscriptionError" | E10: =RTD("tt.rtd",,$B10,E$2) -> "services.rtd.subscriptionError" | F10: =RTD("tt.rtd",,$B10,F$2) -> "services.rtd.subscriptionError" | G10: =RTD("tt.rtd",,$B10,G$2) -> "services.rtd.subscriptionError" | H10: =RTD("tt.rtd",,$B10,H$2) -> "services.rtd.subscriptionError" | I10: =RTD("tt.rtd",,$B10,I$2) -> "services.rtd.subscriptionError" | J10: =RTD("tt.rtd",,$B10,J$2) -> "services.rtd.subscriptionError" | K10: =IFERROR(IF(I10="Open",(E10+D10)/2,H10),H10) -> "services.rtd.subscriptionError" | L10: =IF(AND(I10="Open",G10>0),F10,K10) -> "services.rtd.subscriptionError"
A11: =$A$2&" FM"&LEFT('cont list_bg'!G14,1)&"00"&RIGHT('cont list_bg'!G14,2)&"!" -> SO3 FMH0028! | B11: =RTD("tt.rtd",,"Inst",$B$1,$A11) -> 4771138968527992296 | C11: =MID(RTD("tt.rtd",,$B11,C$2),7,1)&MID(RTD("tt.rtd",,$B11,C$2),11,1) -> H8 | D11: =RTD("tt.rtd",,$B11,D$2) -> "services.rtd.subscriptionError" | E11: =RTD("tt.rtd",,$B11,E$2) -> "services.rtd.subscriptionError" | F11: =RTD("tt.rtd",,$B11,F$2) -> "services.rtd.subscriptionError" | G11: =RTD("tt.rtd",,$B11,G$2) -> "services.rtd.subscriptionError" | H11: =RTD("tt.rtd",,$B11,H$2) -> "services.rtd.subscriptionError" | I11: =RTD("tt.rtd",,$B11,I$2) -> "services.rtd.subscriptionError" | J11: =RTD("tt.rtd",,$B11,J$2) -> "services.rtd.subscriptionError" | K11: =IFERROR(IF(I11="Open",(E11+D11)/2,H11),H11) -> "services.rtd.subscriptionError" | L11: =IF(AND(I11="Open",G11>0),F11,K11) -> "services.rtd.subscriptionError"
A12: =$A$2&" FM"&LEFT('cont list_bg'!G15,1)&"00"&RIGHT('cont list_bg'!G15,2)&"!" -> SO3 FMM0028! | B12: =RTD("tt.rtd",,"Inst",$B$1,$A12) -> 1778338967582843813 | C12: =MID(RTD("tt.rtd",,$B12,C$2),7,1)&MID(RTD("tt.rtd",,$B12,C$2),11,1) -> M8 | D12: =RTD("tt.rtd",,$B12,D$2) -> "services.rtd.subscriptionError" | E12: =RTD("tt.rtd",,$B12,E$2) -> "services.rtd.subscriptionError" | F12: =RTD("tt.rtd",,$B12,F$2) -> "services.rtd.subscriptionError" | G12: =RTD("tt.rtd",,$B12,G$2) -> "services.rtd.subscriptionError" | H12: =RTD("tt.rtd",,$B12,H$2) -> "services.rtd.subscriptionError" | I12: =RTD("tt.rtd",,$B12,I$2) -> "services.rtd.subscriptionError" | J12: =RTD("tt.rtd",,$B12,J$2) -> "services.rtd.subscriptionError" | K12: =IFERROR(IF(I12="Open",(E12+D12)/2,H12),H12) -> "services.rtd.subscriptionError" | L12: =IF(AND(I12="Open",G12>0),F12,K12) -> "services.rtd.subscriptionError"
A13: =$A$2&" FM"&LEFT('cont list_bg'!G16,1)&"00"&RIGHT('cont list_bg'!G16,2)&"!" -> SO3 FMU0028! | B13: =RTD("tt.rtd",,"Inst",$B$1,$A13) -> 13553073652848841644 | C13: =MID(RTD("tt.rtd",,$B13,C$2),7,1)&MID(RTD("tt.rtd",,$B13,C$2),11,1) -> U8 | D13: =RTD("tt.rtd",,$B13,D$2) -> "services.rtd.subscriptionError" | E13: =RTD("tt.rtd",,$B13,E$2) -> "services.rtd.subscriptionError" | F13: =RTD("tt.rtd",,$B13,F$2) -> "services.rtd.subscriptionError" | G13: =RTD("tt.rtd",,$B13,G$2) -> "services.rtd.subscriptionError" | H13: =RTD("tt.rtd",,$B13,H$2) -> "services.rtd.subscriptionError" | I13: =RTD("tt.rtd",,$B13,I$2) -> "services.rtd.subscriptionError" | J13: =RTD("tt.rtd",,$B13,J$2) -> "services.rtd.subscriptionError" | K13: =IFERROR(IF(I13="Open",(E13+D13)/2,H13),H13) -> "services.rtd.subscriptionError" | L13: =IF(AND(I13="Open",G13>0),F13,K13) -> "services.rtd.subscriptionError"
A14: =$A$2&" FM"&LEFT('cont list_bg'!G17,1)&"00"&RIGHT('cont list_bg'!G17,2)&"!" -> SO3 FMZ0028! | B14: =RTD("tt.rtd",,"Inst",$B$1,$A14) -> 12802673068039550141 | C14: =MID(RTD("tt.rtd",,$B14,C$2),7,1)&MID(RTD("tt.rtd",,$B14,C$2),11,1) -> Z8 | D14: =RTD("tt.rtd",,$B14,D$2) -> "services.rtd.subscriptionError" | E14: =RTD("tt.rtd",,$B14,E$2) -> "services.rtd.subscriptionError" | F14: =RTD("tt.rtd",,$B14,F$2) -> "services.rtd.subscriptionError" | G14: =RTD("tt.rtd",,$B14,G$2) -> "services.rtd.subscriptionError" | H14: =RTD("tt.rtd",,$B14,H$2) -> "services.rtd.subscriptionError" | I14: =RTD("tt.rtd",,$B14,I$2) -> "services.rtd.subscriptionError" | J14: =RTD("tt.rtd",,$B14,J$2) -> "services.rtd.subscriptionError" | K14: =IFERROR(IF(I14="Open",(E14+D14)/2,H14),H14) -> "services.rtd.subscriptionError" | L14: =IF(AND(I14="Open",G14>0),F14,K14) -> "services.rtd.subscriptionError"
... A27: =$A$2&" FM"&LEFT('cont list_bg'!G30,1)&"00"&RIGHT('cont list_bg'!G30,2)&"!" -> SO3 FMH0032! | B27: =RTD("tt.rtd",,"Inst",$B$1,$A27) -> 1916532763064230074 | C27: =MID(RTD("tt.rtd",,$B27,C$2),7,1)&MID(RTD("tt.rtd",,$B27,C$2),11,1) -> H2 | D27: =RTD("tt.rtd",,$B27,D$2) -> 95.295 | E27: =RTD("tt.rtd",,$B27,E$2) -> 95.235 | F27: =RTD("tt.rtd",,$B27,F$2) | G27: =RTD("tt.rtd",,$B27,G$2) -> 0 | H27: =RTD("tt.rtd",,$B27,H$2) -> 95.215 | I27: =RTD("tt.rtd",,$B27,I$2) -> Open | J27: =RTD("tt.rtd",,$B27,J$2) -> 0 | K27: =IFERROR(IF(I27="Open",(E27+D27)/2,H27),H27) -> 95.265 | L27: =IF(AND(I27="Open",G27>0),F27,K27) -> 95.265

Sheet SA3
A1: SA3 | B1: ICE_L
A2: SA3 | B2: instrument ID | C2: Name | D2: Ask | E2: Bid | F2: Last | G2: CTQ | H2: Settle | I2: Status | J2: CTQ | K2: Mid | L2: Last
A3: =$A$2&" FM"&LEFT('cont list_bg'!G6,1)&"00"&RIGHT('cont list_bg'!G6,2)&"!" -> SA3 FMH0026! | B3: =RTD("tt.rtd",,"Inst",$B$1,$A3) -> 14714678855879803828 | C3: =MID(RTD("tt.rtd",,$B3,C$2),7,1)&MID(RTD("tt.rtd",,$B3,C$2),11,1) -> H6 | D3: =RTD("tt.rtd",,$B3,D$2) -> "services.rtd.subscriptionError" | E3: =RTD("tt.rtd",,$B3,E$2) -> "services.rtd.subscriptionError" | F3: =RTD("tt.rtd",,$B3,F$2) -> "services.rtd.subscriptionError" | G3: =RTD("tt.rtd",,$B3,G$2) -> "services.rtd.subscriptionError" | H3: =RTD("tt.rtd",,$B3,H$2) -> "services.rtd.subscriptionError" | I3: =RTD("tt.rtd",,$B3,I$2) -> "services.rtd.subscriptionError" | J3: =RTD("tt.rtd",,$B3,J$2) -> "services.rtd.subscriptionError" | K3: =IFERROR(IF(I3="Open",(E3+D3)/2,H3),H3) -> "services.rtd.subscriptionError" | L3: =IF(AND(I3="Open",G3>0),F3,K3) -> "services.rtd.subscriptionError"
A4: =$A$2&" FM"&LEFT('cont list_bg'!G7,1)&"00"&RIGHT('cont list_bg'!G7,2)&"!" -> SA3 FMM0026! | B4: =RTD("tt.rtd",,"Inst",$B$1,$A4) -> 6777292727603905167 | C4: =MID(RTD("tt.rtd",,$B4,C$2),7,1)&MID(RTD("tt.rtd",,$B4,C$2),11,1) -> M6 | D4: =RTD("tt.rtd",,$B4,D$2) -> "services.rtd.subscriptionError" | E4: =RTD("tt.rtd",,$B4,E$2) -> "services.rtd.subscriptionError" | F4: =RTD("tt.rtd",,$B4,F$2) -> "services.rtd.subscriptionError" | G4: =RTD("tt.rtd",,$B4,G$2) -> "services.rtd.subscriptionError" | H4: =RTD("tt.rtd",,$B4,H$2) -> "services.rtd.subscriptionError" | I4: =RTD("tt.rtd",,$B4,I$2) -> "services.rtd.subscriptionError" | J4: =RTD("tt.rtd",,$B4,J$2) -> "services.rtd.subscriptionError" | K4: =IFERROR(IF(I4="Open",(E4+D4)/2,H4),H4) -> "services.rtd.subscriptionError" | L4: =IF(AND(I4="Open",G4>0),F4,K4) -> "services.rtd.subscriptionError"
A5: =$A$2&" FM"&LEFT('cont list_bg'!G8,1)&"00"&RIGHT('cont list_bg'!G8,2)&"!" -> SA3 FMU0026! | B5: =RTD("tt.rtd",,"Inst",$B$1,$A5) -> 10152022727750786343 | C5: =MID(RTD("tt.rtd",,$B5,C$2),7,1)&MID(RTD("tt.rtd",,$B5,C$2),11,1) -> U6 | D5: =RTD("tt.rtd",,$B5,D$2) -> "services.rtd.subscriptionError" | E5: =RTD("tt.rtd",,$B5,E$2) -> "services.rtd.subscriptionError" | F5: =RTD("tt.rtd",,$B5,F$2) -> "services.rtd.subscriptionError" | G5: =RTD("tt.rtd",,$B5,G$2) -> "services.rtd.subscriptionError" | H5: =RTD("tt.rtd",,$B5,H$2) -> "services.rtd.subscriptionError" | I5: =RTD("tt.rtd",,$B5,I$2) -> "services.rtd.subscriptionError" | J5: =RTD("tt.rtd",,$B5,J$2) -> "services.rtd.subscriptionError" | K5: =IFERROR(IF(I5="Open",(E5+D5)/2,H5),H5) -> "services.rtd.subscriptionError" | L5: =IF(AND(I5="Open",G5>0),F5,K5) -> "services.rtd.subscriptionError"
A6: =$A$2&" FM"&LEFT('cont list_bg'!G9,1)&"00"&RIGHT('cont list_bg'!G9,2)&"!" -> SA3 FMZ0026! | B6: =RTD("tt.rtd",,"Inst",$B$1,$A6) -> 6914531881671971328 | C6: =MID(RTD("tt.rtd",,$B6,C$2),7,1)&MID(RTD("tt.rtd",,$B6,C$2),11,1) -> Z6 | D6: =RTD("tt.rtd",,$B6,D$2) -> "services.rtd.subscriptionError" | E6: =RTD("tt.rtd",,$B6,E$2) -> "services.rtd.subscriptionError" | F6: =RTD("tt.rtd",,$B6,F$2) -> "services.rtd.subscriptionError" | G6: =RTD("tt.rtd",,$B6,G$2) -> "services.rtd.subscriptionError" | H6: =RTD("tt.rtd",,$B6,H$2) -> "services.rtd.subscriptionError" | I6: =RTD("tt.rtd",,$B6,I$2) -> "services.rtd.subscriptionError" | J6: =RTD("tt.rtd",,$B6,J$2) -> "services.rtd.subscriptionError" | K6: =IFERROR(IF(I6="Open",(E6+D6)/2,H6),H6) -> "services.rtd.subscriptionError" | L6: =IF(AND(I6="Open",G6>0),F6,K6) -> "services.rtd.subscriptionError"
A7: =$A$2&" FM"&LEFT('cont list_bg'!G10,1)&"00"&RIGHT('cont list_bg'!G10,2)&"!" -> SA3 FMH0027! | B7: =RTD("tt.rtd",,"Inst",$B$1,$A7) -> 5619891302845554146 | C7: =MID(RTD("tt.rtd",,$B7,C$2),7,1)&MID(RTD("tt.rtd",,$B7,C$2),11,1) -> H7 | D7: =RTD("tt.rtd",,$B7,D$2) -> "services.rtd.subscriptionError" | E7: =RTD("tt.rtd",,$B7,E$2) -> "services.rtd.subscriptionError" | F7: =RTD("tt.rtd",,$B7,F$2) -> "services.rtd.subscriptionError" | G7: =RTD("tt.rtd",,$B7,G$2) -> "services.rtd.subscriptionError" | H7: =RTD("tt.rtd",,$B7,H$2) -> "services.rtd.subscriptionError" | I7: =RTD("tt.rtd",,$B7,I$2) -> "services.rtd.subscriptionError" | J7: =RTD("tt.rtd",,$B7,J$2) -> "services.rtd.subscriptionError" | K7: =IFERROR(IF(I7="Open",(E7+D7)/2,H7),H7) -> "services.rtd.subscriptionError" | L7: =IF(AND(I7="Open",G7>0),F7,K7) -> "services.rtd.subscriptionError"
A8: =$A$2&" FM"&LEFT('cont list_bg'!G11,1)&"00"&RIGHT('cont list_bg'!G11,2)&"!" -> SA3 FMM0027! | B8: =RTD("tt.rtd",,"Inst",$B$1,$A8) -> 11935287284762367596 | C8: =MID(RTD("tt.rtd",,$B8,C$2),7,1)&MID(RTD("tt.rtd",,$B8,C$2),11,1) -> M7 | D8: =RTD("tt.rtd",,$B8,D$2) -> "services.rtd.subscriptionError" | E8: =RTD("tt.rtd",,$B8,E$2) -> "services.rtd.subscriptionError" | F8: =RTD("tt.rtd",,$B8,F$2) -> "services.rtd.subscriptionError" | G8: =RTD("tt.rtd",,$B8,G$2) -> "services.rtd.subscriptionError" | H8: =RTD("tt.rtd",,$B8,H$2) -> "services.rtd.subscriptionError" | I8: =RTD("tt.rtd",,$B8,I$2) -> "services.rtd.subscriptionError" | J8: =RTD("tt.rtd",,$B8,J$2) -> "services.rtd.subscriptionError" | K8: =IFERROR(IF(I8="Open",(E8+D8)/2,H8),H8) -> "services.rtd.subscriptionError" | L8: =IF(AND(I8="Open",G8>0),F8,K8) -> "services.rtd.subscriptionError"
A9: =$A$2&" FM"&LEFT('cont list_bg'!G12,1)&"00"&RIGHT('cont list_bg'!G12,2)&"!" -> SA3 FMU0027! | B9: =RTD("tt.rtd",,"Inst",$B$1,$A9) -> 3973483485124835681 | C9: =MID(RTD("tt.rtd",,$B9,C$2),7,1)&MID(RTD("tt.rtd",,$B9,C$2),11,1) -> U7 | D9: =RTD("tt.rtd",,$B9,D$2) -> "services.rtd.subscriptionError" | E9: =RTD("tt.rtd",,$B9,E$2) -> "services.rtd.subscriptionError" | F9: =RTD("tt.rtd",,$B9,F$2) -> "services.rtd.subscriptionError" | G9: =RTD("tt.rtd",,$B9,G$2) -> "services.rtd.subscriptionError" | H9: =RTD("tt.rtd",,$B9,H$2) -> "services.rtd.subscriptionError" | I9: =RTD("tt.rtd",,$B9,I$2) -> "services.rtd.subscriptionError" | J9: =RTD("tt.rtd",,$B9,J$2) -> "services.rtd.subscriptionError" | K9: =IFERROR(IF(I9="Open",(E9+D9)/2,H9),H9) -> "services.rtd.subscriptionError" | L9: =IF(AND(I9="Open",G9>0),F9,K9) -> "services.rtd.subscriptionError"
A10: =$A$2&" FM"&LEFT('cont list_bg'!G13,1)&"00"&RIGHT('cont list_bg'!G13,2)&"!" -> SA3 FMZ0027! | B10: =RTD("tt.rtd",,"Inst",$B$1,$A10) -> 12146542221589140494 | C10: =MID(RTD("tt.rtd",,$B10,C$2),7,1)&MID(RTD("tt.rtd",,$B10,C$2),11,1) -> Z7 | D10: =RTD("tt.rtd",,$B10,D$2) -> "services.rtd.subscriptionError" | E10: =RTD("tt.rtd",,$B10,E$2) -> "services.rtd.subscriptionError" | F10: =RTD("tt.rtd",,$B10,F$2) -> "services.rtd.subscriptionError" | G10: =RTD("tt.rtd",,$B10,G$2) -> "services.rtd.subscriptionError" | H10: =RTD("tt.rtd",,$B10,H$2) -> "services.rtd.subscriptionError" | I10: =RTD("tt.rtd",,$B10,I$2) -> "services.rtd.subscriptionError" | J10: =RTD("tt.rtd",,$B10,J$2) -> "services.rtd.subscriptionError" | K10: =IFERROR(IF(I10="Open",(E10+D10)/2,H10),H10) -> "services.rtd.subscriptionError" | L10: =IF(AND(I10="Open",G10>0),F10,K10) -> "services.rtd.subscriptionError"
A11: =$A$2&" FM"&LEFT('cont list_bg'!G14,1)&"00"&RIGHT('cont list_bg'!G14,2)&"!" -> SA3 FMH0028! | B11: =RTD("tt.rtd",,"Inst",$B$1,$A11) -> 6314259765637387886 | C11: =MID(RTD("tt.rtd",,$B11,C$2),7,1)&MID(RTD("tt.rtd",,$B11,C$2),11,1) -> H8 | D11: =RTD("tt.rtd",,$B11,D$2) -> "services.rtd.subscriptionError" | E11: =RTD("tt.rtd",,$B11,E$2) -> "services.rtd.subscriptionError" | F11: =RTD("tt.rtd",,$B11,F$2) -> "services.rtd.subscriptionError" | G11: =RTD("tt.rtd",,$B11,G$2) -> "services.rtd.subscriptionError" | H11: =RTD("tt.rtd",,$B11,H$2) -> "services.rtd.subscriptionError" | I11: =RTD("tt.rtd",,$B11,I$2) -> "services.rtd.subscriptionError" | J11: =RTD("tt.rtd",,$B11,J$2) -> "services.rtd.subscriptionError" | K11: =IFERROR(IF(I11="Open",(E11+D11)/2,H11),H11) -> "services.rtd.subscriptionError" | L11: =IF(AND(I11="Open",G11>0),F11,K11) -> "services.rtd.subscriptionError"
A12: =$A$2&" FM"&LEFT('cont list_bg'!G15,1)&"00"&RIGHT('cont list_bg'!G15,2)&"!" -> SA3 FMM0028! | B12: =RTD("tt.rtd",,"Inst",$B$1,$A12) -> 12197960486633385234 | C12: =MID(RTD("tt.rtd",,$B12,C$2),7,1)&MID(RTD("tt.rtd",,$B12,C$2),11,1) -> M8 | D12: =RTD("tt.rtd",,$B12,D$2) -> "services.rtd.subscriptionError" | E12: =RTD("tt.rtd",,$B12,E$2) -> "services.rtd.subscriptionError" | F12: =RTD("tt.rtd",,$B12,F$2) -> "services.rtd.subscriptionError" | G12: =RTD("tt.rtd",,$B12,G$2) -> "services.rtd.subscriptionError" | H12: =RTD("tt.rtd",,$B12,H$2) -> "services.rtd.subscriptionError" | I12: =RTD("tt.rtd",,$B12,I$2) -> "services.rtd.subscriptionError" | J12: =RTD("tt.rtd",,$B12,J$2) -> "services.rtd.subscriptionError" | K12: =IFERROR(IF(I12="Open",(E12+D12)/2,H12),H12) -> "services.rtd.subscriptionError" | L12: =IF(AND(I12="Open",G12>0),F12,K12) -> "services.rtd.subscriptionError"
A13: =$A$2&" FM"&LEFT('cont list_bg'!G16,1)&"00"&RIGHT('cont list_bg'!G16,2)&"!" -> SA3 FMU0028! | B13: =RTD("tt.rtd",,"Inst",$B$1,$A13) -> 12203053644589187435 | C13: =MID(RTD("tt.rtd",,$B13,C$2),7,1)&MID(RTD("tt.rtd",,$B13,C$2),11,1) -> U8 | D13: =RTD("tt.rtd",,$B13,D$2) -> "services.rtd.subscriptionError" | E13: =RTD("tt.rtd",,$B13,E$2) -> "services.rtd.subscriptionError" | F13: =RTD("tt.rtd",,$B13,F$2) -> "services.rtd.subscriptionError" | G13: =RTD("tt.rtd",,$B13,G$2) -> "services.rtd.subscriptionError" | H13: =RTD("tt.rtd",,$B13,H$2) -> "services.rtd.subscriptionError" | I13: =RTD("tt.rtd",,$B13,I$2) -> "services.rtd.subscriptionError" | J13: =RTD("tt.rtd",,$B13,J$2) -> "services.rtd.subscriptionError" | K13: =IFERROR(IF(I13="Open",(E13+D13)/2,H13),H13) -> "services.rtd.subscriptionError" | L13: =IF(AND(I13="Open",G13>0),F13,K13) -> "services.rtd.subscriptionError"
A14: =$A$2&" FM"&LEFT('cont list_bg'!G17,1)&"00"&RIGHT('cont list_bg'!G17,2)&"!" -> SA3 FMZ0028! | B14: =RTD("tt.rtd",,"Inst",$B$1,$A14) -> 14401575330262518877 | C14: =MID(RTD("tt.rtd",,$B14,C$2),7,1)&MID(RTD("tt.rtd",,$B14,C$2),11,1) -> Z8 | D14: =RTD("tt.rtd",,$B14,D$2) -> "services.rtd.subscriptionError" | E14: =RTD("tt.rtd",,$B14,E$2) -> "services.rtd.subscriptionError" | F14: =RTD("tt.rtd",,$B14,F$2) -> "services.rtd.subscriptionError" | G14: =RTD("tt.rtd",,$B14,G$2) -> "services.rtd.subscriptionError" | H14: =RTD("tt.rtd",,$B14,H$2) -> "services.rtd.subscriptionError" | I14: =RTD("tt.rtd",,$B14,I$2) -> "services.rtd.subscriptionError" | J14: =RTD("tt.rtd",,$B14,J$2) -> "services.rtd.subscriptionError" | K14: =IFERROR(IF(I14="Open",(E14+D14)/2,H14),H14) -> "services.rtd.subscriptionError" | L14: =IF(AND(I14="Open",G14>0),F14,K14) -> "services.rtd.subscriptionError"
... A18: =$A$2&" FM"&LEFT('cont list_bg'!G21,1)&"00"&RIGHT('cont list_bg'!G21,2)&"!" -> SA3 FMZ0029! | B18: =RTD("tt.rtd",,"Inst",$B$1,$A18) -> 18071176284543341830 | C18: =MID(RTD("tt.rtd",,$B18,C$2),7,1)&MID(RTD("tt.rtd",,$B18,C$2),11,1) -> Z9 | D18: =RTD("tt.rtd",,$B18,D$2) -> "services.rtd.subscriptionError" | E18: =RTD("tt.rtd",,$B18,E$2) -> "services.rtd.subscriptionError" | F18: =RTD("tt.rtd",,$B18,F$2) -> "services.rtd.subscriptionError" | G18: =RTD("tt.rtd",,$B18,G$2) -> "services.rtd.subscriptionError" | H18: =RTD("tt.rtd",,$B18,H$2) -> "services.rtd.subscriptionError" | I18: =RTD("tt.rtd",,$B18,I$2) -> "services.rtd.subscriptionError" | J18: =RTD("tt.rtd",,$B18,J$2) -> "services.rtd.subscriptionError" | K18: =IFERROR(IF(I18="Open",(E18+D18)/2,H18),H18) -> "services.rtd.subscriptionError" | L18: =IF(AND(I18="Open",G18>0),F18,K18) -> "services.rtd.subscriptionError"

Sheet CRA
A1: CRA | B1: MX
A2: CRA | B2: instrument ID | C2: Name | D2: Ask | E2: Bid | F2: Last | G2: CTQ | H2: Settle | I2: Status | J2: CTQ | K2: Mid | L2: Last
A3: =$A$2&LEFT('cont list_bg'!G6,1)&RIGHT('cont list_bg'!G6,1) -> CRAH6 | B3: =RTD("tt.rtd",,"Inst",$B$1,$A3) -> 5228476373492902639 | C3: =RIGHT(RTD("tt.rtd",,$B3,C$2),2) -> H6 | D3: =RTD("tt.rtd",,$B3,D$2) -> 97.71500 | E3: =RTD("tt.rtd",,$B3,E$2) -> 97.71250 | F3: =RTD("tt.rtd",,$B3,F$2) | G3: =RTD("tt.rtd",,$B3,G$2) -> 0 | H3: =RTD("tt.rtd",,$B3,H$2) -> 97.71250 | I3: =RTD("tt.rtd",,$B3,I$2) -> Open | J3: =RTD("tt.rtd",,$B3,J$2) -> 0 | K3: =IFERROR(IF(I3="Open",(E3+D3)/2,H3),H3) -> 97.71375 | L3: =IF(AND(I3="Open",G3>0),F3,K3) -> 97.71375
A4: =$A$2&LEFT('cont list_bg'!G7,1)&RIGHT('cont list_bg'!G7,1) -> CRAM6 | B4: =RTD("tt.rtd",,"Inst",$B$1,$A4) -> 11607487364946020404 | C4: =RIGHT(RTD("tt.rtd",,$B4,C$2),2) -> M6 | D4: =RTD("tt.rtd",,$B4,D$2) -> 97.6800 | E4: =RTD("tt.rtd",,$B4,E$2) -> 97.6750 | F4: =RTD("tt.rtd",,$B4,F$2) -> 97.6800 | G4: =RTD("tt.rtd",,$B4,G$2) -> 26 | H4: =RTD("tt.rtd",,$B4,H$2) -> 97.6700 | I4: =RTD("tt.rtd",,$B4,I$2) -> Open | J4: =RTD("tt.rtd",,$B4,J$2) -> 26 | K4: =IFERROR(IF(I4="Open",(E4+D4)/2,H4),H4) -> 97.6775 | L4: =IF(AND(I4="Open",G4>0),F4,K4) -> 97.6800
A5: =$A$2&LEFT('cont list_bg'!G8,1)&RIGHT('cont list_bg'!G8,1) -> CRAU6 | B5: =RTD("tt.rtd",,"Inst",$B$1,$A5) -> 2731941855341504934 | C5: =RIGHT(RTD("tt.rtd",,$B5,C$2),2) -> U6 | D5: =RTD("tt.rtd",,$B5,D$2) -> 97.4750 | E5: =RTD("tt.rtd",,$B5,E$2) -> 97.4700 | F5: =RTD("tt.rtd",,$B5,F$2) -> 97.4700 | G5: =RTD("tt.rtd",,$B5,G$2) -> 422 | H5: =RTD("tt.rtd",,$B5,H$2) -> 97.4500 | I5: =RTD("tt.rtd",,$B5,I$2) -> Open | J5: =RTD("tt.rtd",,$B5,J$2) -> 422 | K5: =IFERROR(IF(I5="Open",(E5+D5)/2,H5),H5) -> 97.4725 | L5: =IF(AND(I5="Open",G5>0),F5,K5) -> 97.4700
A6: =$A$2&LEFT('cont list_bg'!G9,1)&RIGHT('cont list_bg'!G9,1) -> CRAZ6 | B6: =RTD("tt.rtd",,"Inst",$B$1,$A6) -> 16116292756507691888 | C6: =RIGHT(RTD("tt.rtd",,$B6,C$2),2) -> Z6 | D6: =RTD("tt.rtd",,$B6,D$2) -> 97.2250 | E6: =RTD("tt.rtd",,$B6,E$2) -> 97.2200 | F6: =RTD("tt.rtd",,$B6,F$2) -> 97.2200 | G6: =RTD("tt.rtd",,$B6,G$2) -> 199 | H6: =RTD("tt.rtd",,$B6,H$2) -> 97.1850 | I6: =RTD("tt.rtd",,$B6,I$2) -> Open | J6: =RTD("tt.rtd",,$B6,J$2) -> 199 | K6: =IFERROR(IF(I6="Open",(E6+D6)/2,H6),H6) -> 97.2225 | L6: =IF(AND(I6="Open",G6>0),F6,K6) -> 97.2200
A7: =$A$2&LEFT('cont list_bg'!G10,1)&RIGHT('cont list_bg'!G10,1) -> CRAH7 | B7: =RTD("tt.rtd",,"Inst",$B$1,$A7) -> 1079631362856262921 | C7: =RIGHT(RTD("tt.rtd",,$B7,C$2),2) -> H7 | D7: =RTD("tt.rtd",,$B7,D$2) -> 97.0050 | E7: =RTD("tt.rtd",,$B7,E$2) -> 97.0000 | F7: =RTD("tt.rtd",,$B7,F$2) -> 97.0050 | G7: =RTD("tt.rtd",,$B7,G$2) -> 1018 | H7: =RTD("tt.rtd",,$B7,H$2) -> 96.9550 | I7: =RTD("tt.rtd",,$B7,I$2) -> Open | J7: =RTD("tt.rtd",,$B7,J$2) -> 1018 | K7: =IFERROR(IF(I7="Open",(E7+D7)/2,H7),H7) -> 97.0025 | L7: =IF(AND(I7="Open",G7>0),F7,K7) -> 97.0050
A8: =$A$2&LEFT('cont list_bg'!G11,1)&RIGHT('cont list_bg'!G11,1) -> CRAM7 | B8: =RTD("tt.rtd",,"Inst",$B$1,$A8) -> 8219882023429969 | C8: =RIGHT(RTD("tt.rtd",,$B8,C$2),2) -> M7 | D8: =RTD("tt.rtd",,$B8,D$2) -> 96.8850 | E8: =RTD("tt.rtd",,$B8,E$2) -> 96.8800 | F8: =RTD("tt.rtd",,$B8,F$2) -> 96.8850 | G8: =RTD("tt.rtd",,$B8,G$2) -> 9 | H8: =RTD("tt.rtd",,$B8,H$2) -> 96.8200 | I8: =RTD("tt.rtd",,$B8,I$2) -> Open | J8: =RTD("tt.rtd",,$B8,J$2) -> 9 | K8: =IFERROR(IF(I8="Open",(E8+D8)/2,H8),H8) -> 96.8825 | L8: =IF(AND(I8="Open",G8>0),F8,K8) -> 96.8850
A9: =$A$2&LEFT('cont list_bg'!G12,1)&RIGHT('cont list_bg'!G12,1) -> CRAU7 | B9: =RTD("tt.rtd",,"Inst",$B$1,$A9) -> 15050487581241061067 | C9: =RIGHT(RTD("tt.rtd",,$B9,C$2),2) -> U7 | D9: =RTD("tt.rtd",,$B9,D$2) -> 96.8350 | E9: =RTD("tt.rtd",,$B9,E$2) -> 96.8300 | F9: =RTD("tt.rtd",,$B9,F$2) -> 96.8350 | G9: =RTD("tt.rtd",,$B9,G$2) -> 1085 | H9: =RTD("tt.rtd",,$B9,H$2) -> 96.7700 | I9: =RTD("tt.rtd",,$B9,I$2) -> Open | J9: =RTD("tt.rtd",,$B9,J$2) -> 1085 | K9: =IFERROR(IF(I9="Open",(E9+D9)/2,H9),H9) -> 96.8325 | L9: =IF(AND(I9="Open",G9>0),F9,K9) -> 96.8350
A10: =$A$2&LEFT('cont list_bg'!G13,1)&RIGHT('cont list_bg'!G13,1) -> CRAZ7 | B10: =RTD("tt.rtd",,"Inst",$B$1,$A10) -> 14449049893797955023 | C10: =RIGHT(RTD("tt.rtd",,$B10,C$2),2) -> Z7 | D10: =RTD("tt.rtd",,$B10,D$2) -> 96.8150 | E10: =RTD("tt.rtd",,$B10,E$2) -> 96.8100 | F10: =RTD("tt.rtd",,$B10,F$2) -> 96.8150 | G10: =RTD("tt.rtd",,$B10,G$2) -> 93 | H10: =RTD("tt.rtd",,$B10,H$2) -> 96.7500 | I10: =RTD("tt.rtd",,$B10,I$2) -> Open | J10: =RTD("tt.rtd",,$B10,J$2) -> 93 | K10: =IFERROR(IF(I10="Open",(E10+D10)/2,H10),H10) -> 96.8125 | L10: =IF(AND(I10="Open",G10>0),F10,K10) -> 96.8150
A11: =$A$2&LEFT('cont list_bg'!G14,1)&RIGHT('cont list_bg'!G14,1) -> CRAH8 | B11: =RTD("tt.rtd",,"Inst",$B$1,$A11) -> 1605356167456418889 | C11: =RIGHT(RTD("tt.rtd",,$B11,C$2),2) -> H8 | D11: =RTD("tt.rtd",,$B11,D$2) -> 96.7850 | E11: =RTD("tt.rtd",,$B11,E$2) -> 96.7800 | F11: =RTD("tt.rtd",,$B11,F$2) -> 96.7850 | G11: =RTD("tt.rtd",,$B11,G$2) -> 77 | H11: =RTD("tt.rtd",,$B11,H$2) -> 96.7200 | I11: =RTD("tt.rtd",,$B11,I$2) -> Open | J11: =RTD("tt.rtd",,$B11,J$2) -> 77 | K11: =IFERROR(IF(I11="Open",(E11+D11)/2,H11),H11) -> 96.7825 | L11: =IF(AND(I11="Open",G11>0),F11,K11) -> 96.7850
A12: =$A$2&LEFT('cont list_bg'!G15,1)&RIGHT('cont list_bg'!G15,1) -> CRAM8 | B12: =RTD("tt.rtd",,"Inst",$B$1,$A12) -> 10341135123007474384 | C12: =RIGHT(RTD("tt.rtd",,$B12,C$2),2) -> M8 | D12: =RTD("tt.rtd",,$B12,D$2) -> 96.7700 | E12: =RTD("tt.rtd",,$B12,E$2) -> 96.7650 | F12: =RTD("tt.rtd",,$B12,F$2) -> 96.7700 | G12: =RTD("tt.rtd",,$B12,G$2) -> 90 | H12: =RTD("tt.rtd",,$B12,H$2) -> 96.7050 | I12: =RTD("tt.rtd",,$B12,I$2) -> Open | J12: =RTD("tt.rtd",,$B12,J$2) -> 90 | K12: =IFERROR(IF(I12="Open",(E12+D12)/2,H12),H12) -> 96.7675 | L12: =IF(AND(I12="Open",G12>0),F12,K12) -> 96.7700
A13: =$A$2&LEFT('cont list_bg'!G16,1)&RIGHT('cont list_bg'!G16,1) -> CRAU8 | B13: =RTD("tt.rtd",,"Inst",$B$1,$A13) -> 2953900796497171980 | C13: =RIGHT(RTD("tt.rtd",,$B13,C$2),2) -> U8 | D13: =RTD("tt.rtd",,$B13,D$2) -> 96.7650 | E13: =RTD("tt.rtd",,$B13,E$2) -> 96.7550 | F13: =RTD("tt.rtd",,$B13,F$2) -> 96.7600 | G13: =RTD("tt.rtd",,$B13,G$2) -> 1 | H13: =RTD("tt.rtd",,$B13,H$2) -> 96.7050 | I13: =RTD("tt.rtd",,$B13,I$2) -> Open | J13: =RTD("tt.rtd",,$B13,J$2) -> 1 | K13: =IFERROR(IF(I13="Open",(E13+D13)/2,H13),H13) -> 96.76 | L13: =IF(AND(I13="Open",G13>0),F13,K13) -> 96.7600
A14: =$A$2&LEFT('cont list_bg'!G17,1)&RIGHT('cont list_bg'!G17,1) -> CRAZ8 | B14: =RTD("tt.rtd",,"Inst",$B$1,$A14) -> 15227833694171614065 | C14: =RIGHT(RTD("tt.rtd",,$B14,C$2),2) -> Z8 | D14: =RTD("tt.rtd",,$B14,D$2) -> 96.7600 | E14: =RTD("tt.rtd",,$B14,E$2) -> 96.7500 | F14: =RTD("tt.rtd",,$B14,F$2) -> 96.7500 | G14: =RTD("tt.rtd",,$B14,G$2) -> 9 | H14: =RTD("tt.rtd",,$B14,H$2) -> 96.7050 | I14: =RTD("tt.rtd",,$B14,I$2) -> Open | J14: =RTD("tt.rtd",,$B14,J$2) -> 9 | K14: =IFERROR(IF(I14="Open",(E14+D14)/2,H14),H14) -> 96.755 | L14: =IF(AND(I14="Open",G14>0),F14,K14) -> 96.7500
A15: =$A$2&LEFT('cont list_bg'!G18,1)&RIGHT('cont list_bg'!G18,1) -> CRAH9 | B15: =RTD("tt.rtd",,"Inst",$B$1,$A15) -> "services.rtd.failedToFindInstrument" | C15: =RIGHT(RTD("tt.rtd",,$B15,C$2),2) -> t" | D15: =RTD("tt.rtd",,$B15,D$2) -> "services.rtd.invalidInstrumentFormat" | E15: =RTD("tt.rtd",,$B15,E$2) -> "services.rtd.invalidInstrumentFormat" | F15: =RTD("tt.rtd",,$B15,F$2) -> "services.rtd.invalidInstrumentFormat" | G15: =RTD("tt.rtd",,$B15,G$2) -> "services.rtd.invalidInstrumentFormat" | H15: =RTD("tt.rtd",,$B15,H$2) -> "services.rtd.invalidInstrumentFormat" | I15: =RTD("tt.rtd",,$B15,I$2) -> "services.rtd.invalidInstrumentFormat" | J15: =RTD("tt.rtd",,$B15,J$2) -> "services.rtd.invalidInstrumentFormat" | K15: =IFERROR(IF(I15="Open",(E15+D15)/2,H15),H15) -> "services.rtd.invalidInstrumentFormat" | L15: =IF(AND(I15="Open",G15>0),F15,K15) -> "services.rtd.invalidInstrumentFormat"

Sheet SR3 vs SO3
A1: SR3 vs SO3 | B1: CME
A2: SR3 vs SO3 | B2: instrument ID | C2: Name | D2: Ask | E2: Bid | F2: Last | G2: CTQ | H2: Settle | I2: Status | J2: CTQ | K2: Mid | L2: Last
A3: =RIGHT('SR3'!A3,2) -> H6 | C3: ='SR3'!C3 -> H6 | H3: ='SR3'!H3-'SO3'!H3 -> #VALUE! | K3: ='SR3'!K3-'SO3'!K3 -> #VALUE!
A4: =RIGHT('SR3'!A4,2) -> M6 | C4: ='SR3'!C4 -> M6 | H4: ='SR3'!H4-'SO3'!H4 -> #VALUE! | K4: ='SR3'!K4-'SO3'!K4 -> #VALUE!
A5: =RIGHT('SR3'!A5,2) -> U6 | C5: ='SR3'!C5 -> U6 | H5: ='SR3'!H5-'SO3'!H5 -> #VALUE! | K5: ='SR3'!K5-'SO3'!K5 -> #VALUE!
A6: =RIGHT('SR3'!A6,2) -> Z6 | C6: ='SR3'!C6 -> Z6 | H6: ='SR3'!H6-'SO3'!H6 -> #VALUE! | K6: ='SR3'!K6-'SO3'!K6 -> #VALUE!
A7: =RIGHT('SR3'!A7,2) -> H7 | C7: ='SR3'!C7 -> H7 | H7: ='SR3'!H7-'SO3'!H7 -> #VALUE! | K7: ='SR3'!K7-'SO3'!K7 -> #VALUE!
A8: =RIGHT('SR3'!A8,2) -> M7 | C8: ='SR3'!C8 -> M7 | H8: ='SR3'!H8-'SO3'!H8 -> #VALUE! | K8: ='SR3'!K8-'SO3'!K8 -> #VALUE!
A9: =RIGHT('SR3'!A9,2) -> U7 | C9: ='SR3'!C9 -> U7 | H9: ='SR3'!H9-'SO3'!H9 -> #VALUE! | K9: ='SR3'!K9-'SO3'!K9 -> #VALUE!
A10: =RIGHT('SR3'!A10,2) -> Z7 | C10: ='SR3'!C10 -> Z7 | H10: ='SR3'!H10-'SO3'!H10 -> #VALUE! | K10: ='SR3'!K10-'SO3'!K10 -> #VALUE!
A11: =RIGHT('SR3'!A11,2) -> H8 | C11: ='SR3'!C11 -> H8 | H11: ='SR3'!H11-'SO3'!H11 -> #VALUE! | K11: ='SR3'!K11-'SO3'!K11 -> #VALUE!
A12: =RIGHT('SR3'!A12,2) -> M8 | C12: ='SR3'!C12 -> M8 | H12: ='SR3'!H12-'SO3'!H12 -> #VALUE! | K12: ='SR3'!K12-'SO3'!K12 -> #VALUE!
A13: =RIGHT('SR3'!A13,2) -> U8 | C13: ='SR3'!C13 -> U8 | H13: ='SR3'!H13-'SO3'!H13 -> #VALUE! | K13: ='SR3'!K13-'SO3'!K13 -> #VALUE!
A14: =RIGHT('SR3'!A14,2) -> Z8 | C14: ='SR3'!C14 -> Z8 | H14: ='SR3'!H14-'SO3'!H14 -> #VALUE! | K14: ='SR3'!K14-'SO3'!K14 -> #VALUE!
... A26: =RIGHT('SR3'!A26,2) -> Z1 | C26: ='SR3'!C26 -> Z1 | H26: ='SR3'!H26-'SO3'!H26 -> #VALUE! | K26: ='SR3'!K26-'SO3'!K26 -> #VALUE!

Sheet SR3 vs ER
A1: SR3 vs SO3 | B1: CME
A2: SR3 vs SO3 | B2: instrument ID | C2: Name | D2: Ask | E2: Bid | F2: Last | G2: CTQ | H2: Settle | I2: Status | J2: CTQ | K2: Mid | L2: Last
A4: =RIGHT('SR3'!A4,2) -> M6 | C4: ='SR3'!C4 -> M6 | H4: ='SR3'!H4-ER!H4 -> #VALUE! | K4: ='SR3'!K4-'SO3'!K4 -> #VALUE!
A5: =RIGHT('SR3'!A5,2) -> U6 | C5: ='SR3'!C5 -> U6 | H5: ='SR3'!H5-ER!H5 -> #VALUE! | K5: ='SR3'!K5-'SO3'!K5 -> #VALUE!
A6: =RIGHT('SR3'!A6,2) -> Z6 | C6: ='SR3'!C6 -> Z6 | H6: ='SR3'!H6-ER!H6 -> #VALUE! | K6: ='SR3'!K6-'SO3'!K6 -> #VALUE!
A7: =RIGHT('SR3'!A7,2) -> H7 | C7: ='SR3'!C7 -> H7 | H7: ='SR3'!H7-ER!H7 -> #VALUE! | K7: ='SR3'!K7-'SO3'!K7 -> #VALUE!
A8: =RIGHT('SR3'!A8,2) -> M7 | C8: ='SR3'!C8 -> M7 | H8: ='SR3'!H8-ER!H8 -> #VALUE! | K8: ='SR3'!K8-'SO3'!K8 -> #VALUE!
A9: =RIGHT('SR3'!A9,2) -> U7 | C9: ='SR3'!C9 -> U7 | H9: ='SR3'!H9-ER!H9 -> #VALUE! | K9: ='SR3'!K9-'SO3'!K9 -> #VALUE!
A10: =RIGHT('SR3'!A10,2) -> Z7 | C10: ='SR3'!C10 -> Z7 | H10: ='SR3'!H10-ER!H10 -> #VALUE! | K10: ='SR3'!K10-'SO3'!K10 -> #VALUE!
A11: =RIGHT('SR3'!A11,2) -> H8 | C11: ='SR3'!C11 -> H8 | H11: ='SR3'!H11-ER!H11 -> #VALUE! | K11: ='SR3'!K11-'SO3'!K11 -> #VALUE!
A12: =RIGHT('SR3'!A12,2) -> M8 | C12: ='SR3'!C12 -> M8 | H12: ='SR3'!H12-ER!H12 -> #VALUE! | K12: ='SR3'!K12-'SO3'!K12 -> #VALUE!
A13: =RIGHT('SR3'!A13,2) -> U8 | C13: ='SR3'!C13 -> U8 | H13: ='SR3'!H13-ER!H13 -> #VALUE! | K13: ='SR3'!K13-'SO3'!K13 -> #VALUE!
A14: =RIGHT('SR3'!A14,2) -> Z8 | C14: ='SR3'!C14 -> Z8 | H14: ='SR3'!H14-ER!H14 -> #VALUE! | K14: ='SR3'!K14-'SO3'!K14 -> #VALUE!
A15: =RIGHT('SR3'!A15,2) -> H9 | C15: ='SR3'!C15 -> H9 | H15: ='SR3'!H15-ER!H15 -> #VALUE! | K15: ='SR3'!K15-'SO3'!K15 -> #VALUE!
... A26: =RIGHT('SR3'!A26,2) -> Z1 | C26: ='SR3'!C26 -> Z1 | H26: ='SR3'!H26-ER!H26 -> #VALUE! | K26: ='SR3'!K26-'SO3'!K26 -> #VALUE!

Sheet ER vs SO3
A1: SR3 vs SO3 | B1: CME
A2: SR3 vs SO3 | B2: instrument ID | C2: Name | D2: Ask | E2: Bid | F2: Last | G2: CTQ | H2: Settle | I2: Status | J2: CTQ | K2: Mid | L2: Last
A4: =RIGHT('SR3'!A4,2) -> M6 | C4: ='SR3'!C4 -> M6 | H4: =ER!H4-'SO3'!H4 -> #VALUE! | K4: =ER!K4-'SO3'!K4 -> #VALUE!
A5: =RIGHT('SR3'!A5,2) -> U6 | C5: ='SR3'!C5 -> U6 | H5: =ER!H5-'SO3'!H5 -> #VALUE! | K5: =ER!K5-'SO3'!K5 -> #VALUE!
A6: =RIGHT('SR3'!A6,2) -> Z6 | C6: ='SR3'!C6 -> Z6 | H6: =ER!H6-'SO3'!H6 -> #VALUE! | K6: =ER!K6-'SO3'!K6 -> #VALUE!
A7: =RIGHT('SR3'!A7,2) -> H7 | C7: ='SR3'!C7 -> H7 | H7: =ER!H7-'SO3'!H7 -> #VALUE! | K7: =ER!K7-'SO3'!K7 -> #VALUE!
A8: =RIGHT('SR3'!A8,2) -> M7 | C8: ='SR3'!C8 -> M7 | H8: =ER!H8-'SO3'!H8 -> #VALUE! | K8: =ER!K8-'SO3'!K8 -> #VALUE!
A9: =RIGHT('SR3'!A9,2) -> U7 | C9: ='SR3'!C9 -> U7 | H9: =ER!H9-'SO3'!H9 -> #VALUE! | K9: =ER!K9-'SO3'!K9 -> #VALUE!
A10: =RIGHT('SR3'!A10,2) -> Z7 | C10: ='SR3'!C10 -> Z7 | H10: =ER!H10-'SO3'!H10 -> #VALUE! | K10: =ER!K10-'SO3'!K10 -> #VALUE!
A11: =RIGHT('SR3'!A11,2) -> H8 | C11: ='SR3'!C11 -> H8 | H11: =ER!H11-'SO3'!H11 -> #VALUE! | K11: =ER!K11-'SO3'!K11 -> #VALUE!
A12: =RIGHT('SR3'!A12,2) -> M8 | C12: ='SR3'!C12 -> M8 | H12: =ER!H12-'SO3'!H12 -> #VALUE! | K12: =ER!K12-'SO3'!K12 -> #VALUE!
A13: =RIGHT('SR3'!A13,2) -> U8 | C13: ='SR3'!C13 -> U8 | H13: =ER!H13-'SO3'!H13 -> #VALUE! | K13: =ER!K13-'SO3'!K13 -> #VALUE!
A14: =RIGHT('SR3'!A14,2) -> Z8 | C14: ='SR3'!C14 -> Z8 | H14: =ER!H14-'SO3'!H14 -> #VALUE! | K14: =ER!K14-'SO3'!K14 -> #VALUE!
A15: =RIGHT('SR3'!A15,2) -> H9 | C15: ='SR3'!C15 -> H9 | H15: =ER!H15-'SO3'!H15 -> #VALUE! | K15: =ER!K15-'SO3'!K15 -> #VALUE!
... A26: =RIGHT('SR3'!A26,2) -> Z1 | C26: ='SR3'!C26 -> Z1 | H26: =ER!H26-'SO3'!H26 -> #VALUE! | K26: =ER!K26-'SO3'!K26 -> #VALUE!

Sheet ER3
A1: ESTR | B1: ICE_L
A2: ER3 | B2: instrument ID | C2: Name | D2: Ask | E2: Bid | F2: Last | G2: CTQ | H2: Settle | I2: Status | J2: CTQ | K2: Mid | L2: Last
A3: =$A$2&" FM"&LEFT('cont list_bg'!G6,1)&"00"&RIGHT('cont list_bg'!G6,2)&"!" -> ER3 FMH0026! | B3: =RTD("tt.rtd",,"Inst",$B$1,$A3) -> 16193655064494849323 | C3: =MID(RTD("tt.rtd",,$B3,C$2),7,1)&MID(RTD("tt.rtd",,$B3,C$2),11,1) -> H6 | D3: =RTD("tt.rtd",,$B3,D$2) -> 98.0650 | E3: =RTD("tt.rtd",,$B3,E$2) -> 98.0625 | F3: =RTD("tt.rtd",,$B3,F$2) -> 98.0650 | G3: =RTD("tt.rtd",,$B3,G$2) -> 12 | H3: =RTD("tt.rtd",,$B3,H$2) -> 98.0625 | I3: =RTD("tt.rtd",,$B3,I$2) -> Open | J3: =RTD("tt.rtd",,$B3,J$2) -> 12 | K3: =IFERROR(IF(I3="Open",(E3+D3)/2,H3),H3) -> 98.06375 | L3: =IF(AND(I3="Open",G3>0),F3,K3) -> 98.0650
A4: =$A$2&" FM"&LEFT('cont list_bg'!G7,1)&"00"&RIGHT('cont list_bg'!G7,2)&"!" -> ER3 FMM0026! | B4: =RTD("tt.rtd",,"Inst",$B$1,$A4) -> 17887834827094596965 | C4: =MID(RTD("tt.rtd",,$B4,C$2),7,1)&MID(RTD("tt.rtd",,$B4,C$2),11,1) -> M6 | D4: =RTD("tt.rtd",,$B4,D$2) -> "services.rtd.subscriptionError" | E4: =RTD("tt.rtd",,$B4,E$2) -> "services.rtd.subscriptionError" | F4: =RTD("tt.rtd",,$B4,F$2) -> "services.rtd.subscriptionError" | G4: =RTD("tt.rtd",,$B4,G$2) -> "services.rtd.subscriptionError" | H4: =RTD("tt.rtd",,$B4,H$2) -> "services.rtd.subscriptionError" | I4: =RTD("tt.rtd",,$B4,I$2) -> "services.rtd.subscriptionError" | J4: =RTD("tt.rtd",,$B4,J$2) -> "services.rtd.subscriptionError" | K4: =IFERROR(IF(I4="Open",(E4+D4)/2,H4),H4) -> "services.rtd.subscriptionError" | L4: =IF(AND(I4="Open",G4>0),F4,K4) -> "services.rtd.subscriptionError"
A5: =$A$2&" FM"&LEFT('cont list_bg'!G8,1)&"00"&RIGHT('cont list_bg'!G8,2)&"!" -> ER3 FMU0026! | B5: =RTD("tt.rtd",,"Inst",$B$1,$A5) -> 13942165873650377178 | C5: =MID(RTD("tt.rtd",,$B5,C$2),7,1)&MID(RTD("tt.rtd",,$B5,C$2),11,1) -> U6 | D5: =RTD("tt.rtd",,$B5,D$2) -> "services.rtd.subscriptionError" | E5: =RTD("tt.rtd",,$B5,E$2) -> "services.rtd.subscriptionError" | F5: =RTD("tt.rtd",,$B5,F$2) -> "services.rtd.subscriptionError" | G5: =RTD("tt.rtd",,$B5,G$2) -> "services.rtd.subscriptionError" | H5: =RTD("tt.rtd",,$B5,H$2) -> "services.rtd.subscriptionError" | I5: =RTD("tt.rtd",,$B5,I$2) -> "services.rtd.subscriptionError" | J5: =RTD("tt.rtd",,$B5,J$2) -> "services.rtd.subscriptionError" | K5: =IFERROR(IF(I5="Open",(E5+D5)/2,H5),H5) -> "services.rtd.subscriptionError" | L5: =IF(AND(I5="Open",G5>0),F5,K5) -> "services.rtd.subscriptionError"
A6: =$A$2&" FM"&LEFT('cont list_bg'!G9,1)&"00"&RIGHT('cont list_bg'!G9,2)&"!" -> ER3 FMZ0026! | B6: =RTD("tt.rtd",,"Inst",$B$1,$A6) -> 4095991086729837254 | C6: =MID(RTD("tt.rtd",,$B6,C$2),7,1)&MID(RTD("tt.rtd",,$B6,C$2),11,1) -> Z6 | D6: =RTD("tt.rtd",,$B6,D$2) -> "services.rtd.subscriptionError" | E6: =RTD("tt.rtd",,$B6,E$2) -> "services.rtd.subscriptionError" | F6: =RTD("tt.rtd",,$B6,F$2) -> "services.rtd.subscriptionError" | G6: =RTD("tt.rtd",,$B6,G$2) -> "services.rtd.subscriptionError" | H6: =RTD("tt.rtd",,$B6,H$2) -> "services.rtd.subscriptionError" | I6: =RTD("tt.rtd",,$B6,I$2) -> "services.rtd.subscriptionError" | J6: =RTD("tt.rtd",,$B6,J$2) -> "services.rtd.subscriptionError" | K6: =IFERROR(IF(I6="Open",(E6+D6)/2,H6),H6) -> "services.rtd.subscriptionError" | L6: =IF(AND(I6="Open",G6>0),F6,K6) -> "services.rtd.subscriptionError"
A7: =$A$2&" FM"&LEFT('cont list_bg'!G10,1)&"00"&RIGHT('cont list_bg'!G10,2)&"!" -> ER3 FMH0027! | B7: =RTD("tt.rtd",,"Inst",$B$1,$A7) -> 6978109625607659725 | C7: =MID(RTD("tt.rtd",,$B7,C$2),7,1)&MID(RTD("tt.rtd",,$B7,C$2),11,1) -> H7 | D7: =RTD("tt.rtd",,$B7,D$2) -> "services.rtd.subscriptionError" | E7: =RTD("tt.rtd",,$B7,E$2) -> "services.rtd.subscriptionError" | F7: =RTD("tt.rtd",,$B7,F$2) -> "services.rtd.subscriptionError" | G7: =RTD("tt.rtd",,$B7,G$2) -> "services.rtd.subscriptionError" | H7: =RTD("tt.rtd",,$B7,H$2) -> "services.rtd.subscriptionError" | I7: =RTD("tt.rtd",,$B7,I$2) -> "services.rtd.subscriptionError" | J7: =RTD("tt.rtd",,$B7,J$2) -> "services.rtd.subscriptionError" | K7: =IFERROR(IF(I7="Open",(E7+D7)/2,H7),H7) -> "services.rtd.subscriptionError" | L7: =IF(AND(I7="Open",G7>0),F7,K7) -> "services.rtd.subscriptionError"
A8: =$A$2&" FM"&LEFT('cont list_bg'!G11,1)&"00"&RIGHT('cont list_bg'!G11,2)&"!" -> ER3 FMM0027! | B8: =RTD("tt.rtd",,"Inst",$B$1,$A8) -> 1617737763414000389 | C8: =MID(RTD("tt.rtd",,$B8,C$2),7,1)&MID(RTD("tt.rtd",,$B8,C$2),11,1) -> M7 | D8: =RTD("tt.rtd",,$B8,D$2) -> "services.rtd.subscriptionError" | E8: =RTD("tt.rtd",,$B8,E$2) -> "services.rtd.subscriptionError" | F8: =RTD("tt.rtd",,$B8,F$2) -> "services.rtd.subscriptionError" | G8: =RTD("tt.rtd",,$B8,G$2) -> "services.rtd.subscriptionError" | H8: =RTD("tt.rtd",,$B8,H$2) -> "services.rtd.subscriptionError" | I8: =RTD("tt.rtd",,$B8,I$2) -> "services.rtd.subscriptionError" | J8: =RTD("tt.rtd",,$B8,J$2) -> "services.rtd.subscriptionError" | K8: =IFERROR(IF(I8="Open",(E8+D8)/2,H8),H8) -> "services.rtd.subscriptionError" | L8: =IF(AND(I8="Open",G8>0),F8,K8) -> "services.rtd.subscriptionError"
A9: =$A$2&" FM"&LEFT('cont list_bg'!G12,1)&"00"&RIGHT('cont list_bg'!G12,2)&"!" -> ER3 FMU0027! | B9: =RTD("tt.rtd",,"Inst",$B$1,$A9) -> 12062554666991936143 | C9: =MID(RTD("tt.rtd",,$B9,C$2),7,1)&MID(RTD("tt.rtd",,$B9,C$2),11,1) -> U7 | D9: =RTD("tt.rtd",,$B9,D$2) -> "services.rtd.subscriptionError" | E9: =RTD("tt.rtd",,$B9,E$2) -> "services.rtd.subscriptionError" | F9: =RTD("tt.rtd",,$B9,F$2) -> "services.rtd.subscriptionError" | G9: =RTD("tt.rtd",,$B9,G$2) -> "services.rtd.subscriptionError" | H9: =RTD("tt.rtd",,$B9,H$2) -> "services.rtd.subscriptionError" | I9: =RTD("tt.rtd",,$B9,I$2) -> "services.rtd.subscriptionError" | J9: =RTD("tt.rtd",,$B9,J$2) -> "services.rtd.subscriptionError" | K9: =IFERROR(IF(I9="Open",(E9+D9)/2,H9),H9) -> "services.rtd.subscriptionError" | L9: =IF(AND(I9="Open",G9>0),F9,K9) -> "services.rtd.subscriptionError"
A10: =$A$2&" FM"&LEFT('cont list_bg'!G13,1)&"00"&RIGHT('cont list_bg'!G13,2)&"!" -> ER3 FMZ0027! | B10: =RTD("tt.rtd",,"Inst",$B$1,$A10) -> 10640221686516715116 | C10: =MID(RTD("tt.rtd",,$B10,C$2),7,1)&MID(RTD("tt.rtd",,$B10,C$2),11,1) -> Z7 | D10: =RTD("tt.rtd",,$B10,D$2) -> "services.rtd.subscriptionError" | E10: =RTD("tt.rtd",,$B10,E$2) -> "services.rtd.subscriptionError" | F10: =RTD("tt.rtd",,$B10,F$2) -> "services.rtd.subscriptionError" | G10: =RTD("tt.rtd",,$B10,G$2) -> "services.rtd.subscriptionError" | H10: =RTD("tt.rtd",,$B10,H$2) -> "services.rtd.subscriptionError" | I10: =RTD("tt.rtd",,$B10,I$2) -> "services.rtd.subscriptionError" | J10: =RTD("tt.rtd",,$B10,J$2) -> "services.rtd.subscriptionError" | K10: =IFERROR(IF(I10="Open",(E10+D10)/2,H10),H10) -> "services.rtd.subscriptionError" | L10: =IF(AND(I10="Open",G10>0),F10,K10) -> "services.rtd.subscriptionError"
A11: =$A$2&" FM"&LEFT('cont list_bg'!G14,1)&"00"&RIGHT('cont list_bg'!G14,2)&"!" -> ER3 FMH0028! | B11: =RTD("tt.rtd",,"Inst",$B$1,$A11) -> 12215144550695335695 | C11: =MID(RTD("tt.rtd",,$B11,C$2),7,1)&MID(RTD("tt.rtd",,$B11,C$2),11,1) -> H8 | D11: =RTD("tt.rtd",,$B11,D$2) -> "services.rtd.subscriptionError" | E11: =RTD("tt.rtd",,$B11,E$2) -> "services.rtd.subscriptionError" | F11: =RTD("tt.rtd",,$B11,F$2) -> "services.rtd.subscriptionError" | G11: =RTD("tt.rtd",,$B11,G$2) -> "services.rtd.subscriptionError" | H11: =RTD("tt.rtd",,$B11,H$2) -> "services.rtd.subscriptionError" | I11: =RTD("tt.rtd",,$B11,I$2) -> "services.rtd.subscriptionError" | J11: =RTD("tt.rtd",,$B11,J$2) -> "services.rtd.subscriptionError" | K11: =IFERROR(IF(I11="Open",(E11+D11)/2,H11),H11) -> "services.rtd.subscriptionError" | L11: =IF(AND(I11="Open",G11>0),F11,K11) -> "services.rtd.subscriptionError"
A12: =$A$2&" FM"&LEFT('cont list_bg'!G15,1)&"00"&RIGHT('cont list_bg'!G15,2)&"!" -> ER3 FMM0028! | B12: =RTD("tt.rtd",,"Inst",$B$1,$A12) -> 7543045276132469533 | C12: =MID(RTD("tt.rtd",,$B12,C$2),7,1)&MID(RTD("tt.rtd",,$B12,C$2),11,1) -> M8 | D12: =RTD("tt.rtd",,$B12,D$2) -> "services.rtd.subscriptionError" | E12: =RTD("tt.rtd",,$B12,E$2) -> "services.rtd.subscriptionError" | F12: =RTD("tt.rtd",,$B12,F$2) -> "services.rtd.subscriptionError" | G12: =RTD("tt.rtd",,$B12,G$2) -> "services.rtd.subscriptionError" | H12: =RTD("tt.rtd",,$B12,H$2) -> "services.rtd.subscriptionError" | I12: =RTD("tt.rtd",,$B12,I$2) -> "services.rtd.subscriptionError" | J12: =RTD("tt.rtd",,$B12,J$2) -> "services.rtd.subscriptionError" | K12: =IFERROR(IF(I12="Open",(E12+D12)/2,H12),H12) -> "services.rtd.subscriptionError" | L12: =IF(AND(I12="Open",G12>0),F12,K12) -> "services.rtd.subscriptionError"
A13: =$A$2&" FM"&LEFT('cont list_bg'!G16,1)&"00"&RIGHT('cont list_bg'!G16,2)&"!" -> ER3 FMU0028! | B13: =RTD("tt.rtd",,"Inst",$B$1,$A13) -> 978230606953087791 | C13: =MID(RTD("tt.rtd",,$B13,C$2),7,1)&MID(RTD("tt.rtd",,$B13,C$2),11,1) -> U8 | D13: =RTD("tt.rtd",,$B13,D$2) -> "services.rtd.subscriptionError" | E13: =RTD("tt.rtd",,$B13,E$2) -> "services.rtd.subscriptionError" | F13: =RTD("tt.rtd",,$B13,F$2) -> "services.rtd.subscriptionError" | G13: =RTD("tt.rtd",,$B13,G$2) -> "services.rtd.subscriptionError" | H13: =RTD("tt.rtd",,$B13,H$2) -> "services.rtd.subscriptionError" | I13: =RTD("tt.rtd",,$B13,I$2) -> "services.rtd.subscriptionError" | J13: =RTD("tt.rtd",,$B13,J$2) -> "services.rtd.subscriptionError" | K13: =IFERROR(IF(I13="Open",(E13+D13)/2,H13),H13) -> "services.rtd.subscriptionError" | L13: =IF(AND(I13="Open",G13>0),F13,K13) -> "services.rtd.subscriptionError"
A14: =$A$2&" FM"&LEFT('cont list_bg'!G17,1)&"00"&RIGHT('cont list_bg'!G17,2)&"!" -> ER3 FMZ0028! | B14: =RTD("tt.rtd",,"Inst",$B$1,$A14) -> 3161274050251907543 | C14: =MID(RTD("tt.rtd",,$B14,C$2),7,1)&MID(RTD("tt.rtd",,$B14,C$2),11,1) -> Z8 | D14: =RTD("tt.rtd",,$B14,D$2) -> "services.rtd.subscriptionError" | E14: =RTD("tt.rtd",,$B14,E$2) -> "services.rtd.subscriptionError" | F14: =RTD("tt.rtd",,$B14,F$2) -> "services.rtd.subscriptionError" | G14: =RTD("tt.rtd",,$B14,G$2) -> "services.rtd.subscriptionError" | H14: =RTD("tt.rtd",,$B14,H$2) -> "services.rtd.subscriptionError" | I14: =RTD("tt.rtd",,$B14,I$2) -> "services.rtd.subscriptionError" | J14: =RTD("tt.rtd",,$B14,J$2) -> "services.rtd.subscriptionError" | K14: =IFERROR(IF(I14="Open",(E14+D14)/2,H14),H14) -> "services.rtd.subscriptionError" | L14: =IF(AND(I14="Open",G14>0),F14,K14) -> "services.rtd.subscriptionError"
... A22: =$A$2&" FM"&LEFT('cont list_bg'!G25,1)&"00"&RIGHT('cont list_bg'!G25,2)&"!" -> ER3 FMZ0030! | B22: =RTD("tt.rtd",,"Inst",$B$1,$A22) -> 3959173724590121969 | C22: =MID(RTD("tt.rtd",,$B22,C$2),7,1)&MID(RTD("tt.rtd",,$B22,C$2),11,1) -> Z0 | D22: =RTD("tt.rtd",,$B22,D$2) -> "services.rtd.subscriptionError" | E22: =RTD("tt.rtd",,$B22,E$2) -> "services.rtd.subscriptionError" | F22: =RTD("tt.rtd",,$B22,F$2) -> "services.rtd.subscriptionError" | G22: =RTD("tt.rtd",,$B22,G$2) -> "services.rtd.subscriptionError" | H22: =RTD("tt.rtd",,$B22,H$2) -> "services.rtd.subscriptionError" | I22: =RTD("tt.rtd",,$B22,I$2) -> "services.rtd.subscriptionError" | J22: =RTD("tt.rtd",,$B22,J$2) -> "services.rtd.subscriptionError" | K22: =IFERROR(IF(I22="Open",(E22+D22)/2,H22),H22) -> "services.rtd.subscriptionError" | L22: =IF(AND(I22="Open",G22>0),F22,K22) -> "services.rtd.subscriptionError"

Sheet EMP
A1: EMP | B1: ICE_L | C1: (ESTR based)
A2: EMP | B2: instrument ID | C2: Name | D2: Ask | E2: Bid | F2: Last | G2: CTQ | H2: Settle | I2: Status | J2: CTQ | K2: Mid | L2: Last
A3: =$A$2&" FM"&LEFT('cont list_bg'!W25,1)&"00"&RIGHT('cont list_bg'!W25,2)&"!" -> EMP FMM0026! | B3: =RTD("tt.rtd",,"Inst",$B$1,$A3) -> 4569106808994826877 | C3: =MID(RTD("tt.rtd",,$B3,C$2),7,1)&MID(RTD("tt.rtd",,$B3,C$2),11,1) -> M6 | D3: =RTD("tt.rtd",,$B3,D$2) -> "services.rtd.subscriptionError" | E3: =RTD("tt.rtd",,$B3,E$2) -> "services.rtd.subscriptionError" | F3: =RTD("tt.rtd",,$B3,F$2) -> "services.rtd.subscriptionError" | G3: =RTD("tt.rtd",,$B3,G$2) -> "services.rtd.subscriptionError" | H3: =RTD("tt.rtd",,$B3,H$2) -> "services.rtd.subscriptionError" | I3: =RTD("tt.rtd",,$B3,I$2) -> "services.rtd.subscriptionError" | J3: =RTD("tt.rtd",,$B3,J$2) -> "services.rtd.subscriptionError" | K3: =IFERROR(IF(I3="Open",(E3+D3)/2,H3),H3) -> "services.rtd.subscriptionError" | L3: =IF(AND(I3="Open",G3>0),F3,K3) -> "services.rtd.subscriptionError"
A4: =$A$2&" FM"&LEFT('cont list_bg'!W26,1)&"00"&RIGHT('cont list_bg'!W26,2)&"!" -> EMP FMN0026! | B4: =RTD("tt.rtd",,"Inst",$B$1,$A4) -> 17097660282758551869 | C4: =MID(RTD("tt.rtd",,$B4,C$2),7,1)&MID(RTD("tt.rtd",,$B4,C$2),11,1) -> N6 | D4: =RTD("tt.rtd",,$B4,D$2) -> "services.rtd.subscriptionError" | E4: =RTD("tt.rtd",,$B4,E$2) -> "services.rtd.subscriptionError" | F4: =RTD("tt.rtd",,$B4,F$2) -> "services.rtd.subscriptionError" | G4: =RTD("tt.rtd",,$B4,G$2) -> "services.rtd.subscriptionError" | H4: =RTD("tt.rtd",,$B4,H$2) -> "services.rtd.subscriptionError" | I4: =RTD("tt.rtd",,$B4,I$2) -> "services.rtd.subscriptionError" | J4: =RTD("tt.rtd",,$B4,J$2) -> "services.rtd.subscriptionError" | K4: =IFERROR(IF(I4="Open",(E4+D4)/2,H4),H4) -> "services.rtd.subscriptionError" | L4: =IF(AND(I4="Open",G4>0),F4,K4) -> "services.rtd.subscriptionError"
A5: =$A$2&" FM"&LEFT('cont list_bg'!W27,1)&"00"&RIGHT('cont list_bg'!W27,2)&"!" -> EMP FMU0026! | B5: =RTD("tt.rtd",,"Inst",$B$1,$A5) -> 17269494829094841978 | C5: =MID(RTD("tt.rtd",,$B5,C$2),7,1)&MID(RTD("tt.rtd",,$B5,C$2),11,1) -> U6 | D5: =RTD("tt.rtd",,$B5,D$2) -> "services.rtd.subscriptionError" | E5: =RTD("tt.rtd",,$B5,E$2) -> "services.rtd.subscriptionError" | F5: =RTD("tt.rtd",,$B5,F$2) -> "services.rtd.subscriptionError" | G5: =RTD("tt.rtd",,$B5,G$2) -> "services.rtd.subscriptionError" | H5: =RTD("tt.rtd",,$B5,H$2) -> "services.rtd.subscriptionError" | I5: =RTD("tt.rtd",,$B5,I$2) -> "services.rtd.subscriptionError" | J5: =RTD("tt.rtd",,$B5,J$2) -> "services.rtd.subscriptionError" | K5: =IFERROR(IF(I5="Open",(E5+D5)/2,H5),H5) -> "services.rtd.subscriptionError" | L5: =IF(AND(I5="Open",G5>0),F5,K5) -> "services.rtd.subscriptionError"
A6: =$A$2&" FM"&LEFT('cont list_bg'!W28,1)&"00"&RIGHT('cont list_bg'!W28,2)&"!" -> EMP FMV0026! | B6: =RTD("tt.rtd",,"Inst",$B$1,$A6) -> "services.rtd.failedToFindInstrument" | C6: =MID(RTD("tt.rtd",,$B6,C$2),7,1)&MID(RTD("tt.rtd",,$B6,C$2),11,1) -> cr | D6: =RTD("tt.rtd",,$B6,D$2) -> "services.rtd.invalidInstrumentFormat" | E6: =RTD("tt.rtd",,$B6,E$2) -> "services.rtd.invalidInstrumentFormat" | F6: =RTD("tt.rtd",,$B6,F$2) -> "services.rtd.invalidInstrumentFormat" | G6: =RTD("tt.rtd",,$B6,G$2) -> "services.rtd.invalidInstrumentFormat" | H6: =RTD("tt.rtd",,$B6,H$2) -> "services.rtd.invalidInstrumentFormat" | I6: =RTD("tt.rtd",,$B6,I$2) -> "services.rtd.invalidInstrumentFormat" | J6: =RTD("tt.rtd",,$B6,J$2) -> "services.rtd.invalidInstrumentFormat" | K6: =IFERROR(IF(I6="Open",(E6+D6)/2,H6),H6) -> "services.rtd.invalidInstrumentFormat" | L6: =IF(AND(I6="Open",G6>0),F6,K6) -> "services.rtd.invalidInstrumentFormat"
A7: =$A$2&" FM"&LEFT('cont list_bg'!W29,1)&"00"&RIGHT('cont list_bg'!W29,2)&"!" -> EMP FMZ0026! | B7: =RTD("tt.rtd",,"Inst",$B$1,$A7) -> "services.rtd.failedToFindInstrument" | C7: =MID(RTD("tt.rtd",,$B7,C$2),7,1)&MID(RTD("tt.rtd",,$B7,C$2),11,1) -> cr | D7: =RTD("tt.rtd",,$B7,D$2) -> "services.rtd.invalidInstrumentFormat" | E7: =RTD("tt.rtd",,$B7,E$2) -> "services.rtd.invalidInstrumentFormat" | F7: =RTD("tt.rtd",,$B7,F$2) -> "services.rtd.invalidInstrumentFormat" | G7: =RTD("tt.rtd",,$B7,G$2) -> "services.rtd.invalidInstrumentFormat" | H7: =RTD("tt.rtd",,$B7,H$2) -> "services.rtd.invalidInstrumentFormat" | I7: =RTD("tt.rtd",,$B7,I$2) -> "services.rtd.invalidInstrumentFormat" | J7: =RTD("tt.rtd",,$B7,J$2) -> "services.rtd.invalidInstrumentFormat" | K7: =IFERROR(IF(I7="Open",(E7+D7)/2,H7),H7) -> "services.rtd.invalidInstrumentFormat" | L7: =IF(AND(I7="Open",G7>0),F7,K7) -> "services.rtd.invalidInstrumentFormat"
A8: =$A$2&" FM"&LEFT('cont list_bg'!W30,1)&"00"&RIGHT('cont list_bg'!W30,2)&"!" -> EMP FMG0027! | B8: =RTD("tt.rtd",,"Inst",$B$1,$A8) -> "services.rtd.failedToFindInstrument" | C8: =MID(RTD("tt.rtd",,$B8,C$2),7,1)&MID(RTD("tt.rtd",,$B8,C$2),11,1) -> cr | D8: =RTD("tt.rtd",,$B8,D$2) -> "services.rtd.invalidInstrumentFormat" | E8: =RTD("tt.rtd",,$B8,E$2) -> "services.rtd.invalidInstrumentFormat" | F8: =RTD("tt.rtd",,$B8,F$2) -> "services.rtd.invalidInstrumentFormat" | G8: =RTD("tt.rtd",,$B8,G$2) -> "services.rtd.invalidInstrumentFormat" | H8: =RTD("tt.rtd",,$B8,H$2) -> "services.rtd.invalidInstrumentFormat" | I8: =RTD("tt.rtd",,$B8,I$2) -> "services.rtd.invalidInstrumentFormat" | J8: =RTD("tt.rtd",,$B8,J$2) -> "services.rtd.invalidInstrumentFormat" | K8: =IFERROR(IF(I8="Open",(E8+D8)/2,H8),H8) -> "services.rtd.invalidInstrumentFormat" | L8: =IF(AND(I8="Open",G8>0),F8,K8) -> "services.rtd.invalidInstrumentFormat"
A9: =$A$2&" FM"&LEFT('cont list_bg'!W31,1)&"00"&RIGHT('cont list_bg'!W31,2)&"!" -> EMP FMH0027! | B9: =RTD("tt.rtd",,"Inst",$B$1,$A9) -> "services.rtd.failedToFindInstrument" | C9: =MID(RTD("tt.rtd",,$B9,C$2),7,1)&MID(RTD("tt.rtd",,$B9,C$2),11,1) -> cr | D9: =RTD("tt.rtd",,$B9,D$2) -> "services.rtd.invalidInstrumentFormat" | E9: =RTD("tt.rtd",,$B9,E$2) -> "services.rtd.invalidInstrumentFormat" | F9: =RTD("tt.rtd",,$B9,F$2) -> "services.rtd.invalidInstrumentFormat" | G9: =RTD("tt.rtd",,$B9,G$2) -> "services.rtd.invalidInstrumentFormat" | H9: =RTD("tt.rtd",,$B9,H$2) -> "services.rtd.invalidInstrumentFormat" | I9: =RTD("tt.rtd",,$B9,I$2) -> "services.rtd.invalidInstrumentFormat" | J9: =RTD("tt.rtd",,$B9,J$2) -> "services.rtd.invalidInstrumentFormat" | K9: =IFERROR(IF(I9="Open",(E9+D9)/2,H9),H9) -> "services.rtd.invalidInstrumentFormat" | L9: =IF(AND(I9="Open",G9>0),F9,K9) -> "services.rtd.invalidInstrumentFormat"
A10: =$A$2&" FM"&LEFT('cont list_bg'!W32,1)&"00"&RIGHT('cont list_bg'!W32,2)&"!" -> EMP FMJ0027! | B10: =RTD("tt.rtd",,"Inst",$B$1,$A10) -> "services.rtd.failedToFindInstrument" | C10: =MID(RTD("tt.rtd",,$B10,C$2),7,1)&MID(RTD("tt.rtd",,$B10,C$2),11,1) -> cr | D10: =RTD("tt.rtd",,$B10,D$2) -> "services.rtd.invalidInstrumentFormat" | E10: =RTD("tt.rtd",,$B10,E$2) -> "services.rtd.invalidInstrumentFormat" | F10: =RTD("tt.rtd",,$B10,F$2) -> "services.rtd.invalidInstrumentFormat" | G10: =RTD("tt.rtd",,$B10,G$2) -> "services.rtd.invalidInstrumentFormat" | H10: =RTD("tt.rtd",,$B10,H$2) -> "services.rtd.invalidInstrumentFormat" | I10: =RTD("tt.rtd",,$B10,I$2) -> "services.rtd.invalidInstrumentFormat" | J10: =RTD("tt.rtd",,$B10,J$2) -> "services.rtd.invalidInstrumentFormat" | K10: =IFERROR(IF(I10="Open",(E10+D10)/2,H10),H10) -> "services.rtd.invalidInstrumentFormat" | L10: =IF(AND(I10="Open",G10>0),F10,K10) -> "services.rtd.invalidInstrumentFormat"
A11: =$A$2&" FM"&LEFT('cont list_bg'!W33,1)&"00"&RIGHT('cont list_bg'!W33,2)&"!" -> EMP FMM0027! | B11: =RTD("tt.rtd",,"Inst",$B$1,$A11) -> "services.rtd.failedToFindInstrument" | C11: =MID(RTD("tt.rtd",,$B11,C$2),7,1)&MID(RTD("tt.rtd",,$B11,C$2),11,1) -> cr | D11: =RTD("tt.rtd",,$B11,D$2) -> "services.rtd.invalidInstrumentFormat" | E11: =RTD("tt.rtd",,$B11,E$2) -> "services.rtd.invalidInstrumentFormat" | F11: =RTD("tt.rtd",,$B11,F$2) -> "services.rtd.invalidInstrumentFormat" | G11: =RTD("tt.rtd",,$B11,G$2) -> "services.rtd.invalidInstrumentFormat" | H11: =RTD("tt.rtd",,$B11,H$2) -> "services.rtd.invalidInstrumentFormat" | I11: =RTD("tt.rtd",,$B11,I$2) -> "services.rtd.invalidInstrumentFormat" | J11: =RTD("tt.rtd",,$B11,J$2) -> "services.rtd.invalidInstrumentFormat" | K11: =IFERROR(IF(I11="Open",(E11+D11)/2,H11),H11) -> "services.rtd.invalidInstrumentFormat" | L11: =IF(AND(I11="Open",G11>0),F11,K11) -> "services.rtd.invalidInstrumentFormat"

Sheet MPC
A1: MPC | B1: ICE_L | C1: (SONIA based)
A2: MPC | B2: instrument ID | C2: Name | D2: Ask | E2: Bid | F2: Last | G2: CTQ | H2: Settle | I2: Status | J2: CTQ | K2: Mid | L2: Last
A3: =$A$2&" FM"&LEFT('cont list_bg'!V25,1)&"00"&RIGHT('cont list_bg'!V25,2)&"!" -> MPC FMM0026! | B3: =RTD("tt.rtd",,"Inst",$B$1,$A3) -> 1588166901584120091 | C3: =MID(RTD("tt.rtd",,$B3,C$2),7,1)&MID(RTD("tt.rtd",,$B3,C$2),11,1) -> M6 | D3: =RTD("tt.rtd",,$B3,D$2) -> "services.rtd.subscriptionError" | E3: =RTD("tt.rtd",,$B3,E$2) -> "services.rtd.subscriptionError" | F3: =RTD("tt.rtd",,$B3,F$2) -> "services.rtd.subscriptionError" | G3: =RTD("tt.rtd",,$B3,G$2) -> "services.rtd.subscriptionError" | H3: =RTD("tt.rtd",,$B3,H$2) -> "services.rtd.subscriptionError" | I3: =RTD("tt.rtd",,$B3,I$2) -> "services.rtd.subscriptionError" | J3: =RTD("tt.rtd",,$B3,J$2) -> "services.rtd.subscriptionError" | K3: =IFERROR(IF(I3="Open",(E3+D3)/2,H3),H3) -> "services.rtd.subscriptionError" | L3: =IF(AND(I3="Open",G3>0),F3,K3) -> "services.rtd.subscriptionError"
A4: =$A$2&" FM"&LEFT('cont list_bg'!V26,1)&"00"&RIGHT('cont list_bg'!V26,2)&"!" -> MPC FMN0026! | B4: =RTD("tt.rtd",,"Inst",$B$1,$A4) -> 16790086843721301972 | C4: =MID(RTD("tt.rtd",,$B4,C$2),7,1)&MID(RTD("tt.rtd",,$B4,C$2),11,1) -> N6 | D4: =RTD("tt.rtd",,$B4,D$2) -> "services.rtd.subscriptionError" | E4: =RTD("tt.rtd",,$B4,E$2) -> "services.rtd.subscriptionError" | F4: =RTD("tt.rtd",,$B4,F$2) -> "services.rtd.subscriptionError" | G4: =RTD("tt.rtd",,$B4,G$2) -> "services.rtd.subscriptionError" | H4: =RTD("tt.rtd",,$B4,H$2) -> "services.rtd.subscriptionError" | I4: =RTD("tt.rtd",,$B4,I$2) -> "services.rtd.subscriptionError" | J4: =RTD("tt.rtd",,$B4,J$2) -> "services.rtd.subscriptionError" | K4: =IFERROR(IF(I4="Open",(E4+D4)/2,H4),H4) -> "services.rtd.subscriptionError" | L4: =IF(AND(I4="Open",G4>0),F4,K4) -> "services.rtd.subscriptionError"
A5: =$A$2&" FM"&LEFT('cont list_bg'!V27,1)&"00"&RIGHT('cont list_bg'!V27,2)&"!" -> MPC FMU0026! | B5: =RTD("tt.rtd",,"Inst",$B$1,$A5) -> 8609805027889680361 | C5: =MID(RTD("tt.rtd",,$B5,C$2),7,1)&MID(RTD("tt.rtd",,$B5,C$2),11,1) -> U6 | D5: =RTD("tt.rtd",,$B5,D$2) -> "services.rtd.subscriptionError" | E5: =RTD("tt.rtd",,$B5,E$2) -> "services.rtd.subscriptionError" | F5: =RTD("tt.rtd",,$B5,F$2) -> "services.rtd.subscriptionError" | G5: =RTD("tt.rtd",,$B5,G$2) -> "services.rtd.subscriptionError" | H5: =RTD("tt.rtd",,$B5,H$2) -> "services.rtd.subscriptionError" | I5: =RTD("tt.rtd",,$B5,I$2) -> "services.rtd.subscriptionError" | J5: =RTD("tt.rtd",,$B5,J$2) -> "services.rtd.subscriptionError" | K5: =IFERROR(IF(I5="Open",(E5+D5)/2,H5),H5) -> "services.rtd.subscriptionError" | L5: =IF(AND(I5="Open",G5>0),F5,K5) -> "services.rtd.subscriptionError"
A6: =$A$2&" FM"&LEFT('cont list_bg'!V28,1)&"00"&RIGHT('cont list_bg'!V28,2)&"!" -> MPC FMX0026! | B6: =RTD("tt.rtd",,"Inst",$B$1,$A6) -> 15222838320367457643 | C6: =MID(RTD("tt.rtd",,$B6,C$2),7,1)&MID(RTD("tt.rtd",,$B6,C$2),11,1) -> X6 | D6: =RTD("tt.rtd",,$B6,D$2) -> "services.rtd.subscriptionError" | E6: =RTD("tt.rtd",,$B6,E$2) -> "services.rtd.subscriptionError" | F6: =RTD("tt.rtd",,$B6,F$2) -> "services.rtd.subscriptionError" | G6: =RTD("tt.rtd",,$B6,G$2) -> "services.rtd.subscriptionError" | H6: =RTD("tt.rtd",,$B6,H$2) -> "services.rtd.subscriptionError" | I6: =RTD("tt.rtd",,$B6,I$2) -> "services.rtd.subscriptionError" | J6: =RTD("tt.rtd",,$B6,J$2) -> "services.rtd.subscriptionError" | K6: =IFERROR(IF(I6="Open",(E6+D6)/2,H6),H6) -> "services.rtd.subscriptionError" | L6: =IF(AND(I6="Open",G6>0),F6,K6) -> "services.rtd.subscriptionError"
A7: =$A$2&" FM"&LEFT('cont list_bg'!V29,1)&"00"&RIGHT('cont list_bg'!V29,2)&"!" -> MPC FMZ0026! | B7: =RTD("tt.rtd",,"Inst",$B$1,$A7) -> 12651832782987310492 | C7: =MID(RTD("tt.rtd",,$B7,C$2),7,1)&MID(RTD("tt.rtd",,$B7,C$2),11,1) -> Z6 | D7: =RTD("tt.rtd",,$B7,D$2) -> "services.rtd.subscriptionError" | E7: =RTD("tt.rtd",,$B7,E$2) -> "services.rtd.subscriptionError" | F7: =RTD("tt.rtd",,$B7,F$2) -> "services.rtd.subscriptionError" | G7: =RTD("tt.rtd",,$B7,G$2) -> "services.rtd.subscriptionError" | H7: =RTD("tt.rtd",,$B7,H$2) -> "services.rtd.subscriptionError" | I7: =RTD("tt.rtd",,$B7,I$2) -> "services.rtd.subscriptionError" | J7: =RTD("tt.rtd",,$B7,J$2) -> "services.rtd.subscriptionError" | K7: =IFERROR(IF(I7="Open",(E7+D7)/2,H7),H7) -> "services.rtd.subscriptionError" | L7: =IF(AND(I7="Open",G7>0),F7,K7) -> "services.rtd.subscriptionError"
A8: =$A$2&" FM"&LEFT('cont list_bg'!V30,1)&"00"&RIGHT('cont list_bg'!V30,2)&"!" -> MPC FMG0027! | B8: =RTD("tt.rtd",,"Inst",$B$1,$A8) -> "services.rtd.failedToFindInstrument" | C8: =MID(RTD("tt.rtd",,$B8,C$2),7,1)&MID(RTD("tt.rtd",,$B8,C$2),11,1) -> cr | D8: =RTD("tt.rtd",,$B8,D$2) -> "services.rtd.invalidInstrumentFormat" | E8: =RTD("tt.rtd",,$B8,E$2) -> "services.rtd.invalidInstrumentFormat" | F8: =RTD("tt.rtd",,$B8,F$2) -> "services.rtd.invalidInstrumentFormat" | G8: =RTD("tt.rtd",,$B8,G$2) -> "services.rtd.invalidInstrumentFormat" | H8: =RTD("tt.rtd",,$B8,H$2) -> "services.rtd.invalidInstrumentFormat" | I8: =RTD("tt.rtd",,$B8,I$2) -> "services.rtd.invalidInstrumentFormat" | J8: =RTD("tt.rtd",,$B8,J$2) -> "services.rtd.invalidInstrumentFormat" | K8: =IFERROR(IF(I8="Open",(E8+D8)/2,H8),H8) -> "services.rtd.invalidInstrumentFormat" | L8: =IF(AND(I8="Open",G8>0),F8,K8) -> "services.rtd.invalidInstrumentFormat"
A9: =$A$2&" FM"&LEFT('cont list_bg'!V31,1)&"00"&RIGHT('cont list_bg'!V31,2)&"!" -> MPC FMH0027! | B9: =RTD("tt.rtd",,"Inst",$B$1,$A9) -> "services.rtd.failedToFindInstrument" | C9: =MID(RTD("tt.rtd",,$B9,C$2),7,1)&MID(RTD("tt.rtd",,$B9,C$2),11,1) -> cr | D9: =RTD("tt.rtd",,$B9,D$2) -> "services.rtd.invalidInstrumentFormat" | E9: =RTD("tt.rtd",,$B9,E$2) -> "services.rtd.invalidInstrumentFormat" | F9: =RTD("tt.rtd",,$B9,F$2) -> "services.rtd.invalidInstrumentFormat" | G9: =RTD("tt.rtd",,$B9,G$2) -> "services.rtd.invalidInstrumentFormat" | H9: =RTD("tt.rtd",,$B9,H$2) -> "services.rtd.invalidInstrumentFormat" | I9: =RTD("tt.rtd",,$B9,I$2) -> "services.rtd.invalidInstrumentFormat" | J9: =RTD("tt.rtd",,$B9,J$2) -> "services.rtd.invalidInstrumentFormat" | K9: =IFERROR(IF(I9="Open",(E9+D9)/2,H9),H9) -> "services.rtd.invalidInstrumentFormat" | L9: =IF(AND(I9="Open",G9>0),F9,K9) -> "services.rtd.invalidInstrumentFormat"
A10: =$A$2&" FM"&LEFT('cont list_bg'!V32,1)&"00"&RIGHT('cont list_bg'!V32,2)&"!" -> MPC FMJ0027! | B10: =RTD("tt.rtd",,"Inst",$B$1,$A10) -> "services.rtd.failedToFindInstrument" | C10: =MID(RTD("tt.rtd",,$B10,C$2),7,1)&MID(RTD("tt.rtd",,$B10,C$2),11,1) -> cr | D10: =RTD("tt.rtd",,$B10,D$2) -> "services.rtd.invalidInstrumentFormat" | E10: =RTD("tt.rtd",,$B10,E$2) -> "services.rtd.invalidInstrumentFormat" | F10: =RTD("tt.rtd",,$B10,F$2) -> "services.rtd.invalidInstrumentFormat" | G10: =RTD("tt.rtd",,$B10,G$2) -> "services.rtd.invalidInstrumentFormat" | H10: =RTD("tt.rtd",,$B10,H$2) -> "services.rtd.invalidInstrumentFormat" | I10: =RTD("tt.rtd",,$B10,I$2) -> "services.rtd.invalidInstrumentFormat" | J10: =RTD("tt.rtd",,$B10,J$2) -> "services.rtd.invalidInstrumentFormat" | K10: =IFERROR(IF(I10="Open",(E10+D10)/2,H10),H10) -> "services.rtd.invalidInstrumentFormat" | L10: =IF(AND(I10="Open",G10>0),F10,K10) -> "services.rtd.invalidInstrumentFormat"
A11: =$A$2&" FM"&LEFT('cont list_bg'!V33,1)&"00"&RIGHT('cont list_bg'!V33,2)&"!" -> MPC FMM0027! | B11: =RTD("tt.rtd",,"Inst",$B$1,$A11) -> "services.rtd.failedToFindInstrument" | C11: =MID(RTD("tt.rtd",,$B11,C$2),7,1)&MID(RTD("tt.rtd",,$B11,C$2),11,1) -> cr | D11: =RTD("tt.rtd",,$B11,D$2) -> "services.rtd.invalidInstrumentFormat" | E11: =RTD("tt.rtd",,$B11,E$2) -> "services.rtd.invalidInstrumentFormat" | F11: =RTD("tt.rtd",,$B11,F$2) -> "services.rtd.invalidInstrumentFormat" | G11: =RTD("tt.rtd",,$B11,G$2) -> "services.rtd.invalidInstrumentFormat" | H11: =RTD("tt.rtd",,$B11,H$2) -> "services.rtd.invalidInstrumentFormat" | I11: =RTD("tt.rtd",,$B11,I$2) -> "services.rtd.invalidInstrumentFormat" | J11: =RTD("tt.rtd",,$B11,J$2) -> "services.rtd.invalidInstrumentFormat" | K11: =IFERROR(IF(I11="Open",(E11+D11)/2,H11),H11) -> "services.rtd.invalidInstrumentFormat" | L11: =IF(AND(I11="Open",G11>0),F11,K11) -> "services.rtd.invalidInstrumentFormat"

Sheet VIX
A1: VX | B1: CFE
A2: VX | B2: instrument ID | C2: Name | D2: Ask | E2: Bid | F2: Last | G2: CTQ | H2: Settle | I2: Status | J2: CTQ | K2: Mid | L2: Last
A3: ='cont list_bg'!T6 -> Jun26 | C3: =A3 -> Jun26 | D3: =RTD("tt.rtd",,"Instr",$B$1,"VX","FUTURE",$A3, D$2) -> 20.100 | E3: =RTD("tt.rtd",,"Instr",$B$1,"VX","FUTURE",$A3, E$2) -> 20.050 | F3: =RTD("tt.rtd",,"Instr",$B$1,"VX","FUTURE",$A3, F$2) -> 20.100 | G3: =RTD("tt.rtd",,"Instr",$B$1,"VX","FUTURE",$A3, G$2) -> 25 | H3: =RTD("tt.rtd",,"Instr",$B$1,"VX","FUTURE",$A3, H$2) -> 20.4174 | I3: =RTD("tt.rtd",,"Instr",$B$1,"VX","FUTURE",$A3, I$2) -> Open | J3: =RTD("tt.rtd",,"Instr",$B$1,"VX","FUTURE",$A3, J$2) -> 25 | K3: =IFERROR(IF(I3="Open",(E3+D3)/2,H3),H3) -> 20.075 | L3: =IF(AND(I3="Open",G3>0),F3,K3) -> 20.100
A4: ='cont list_bg'!T7 -> Jul26 | C4: =A4 -> Jul26 | D4: =RTD("tt.rtd",,"Instr",$B$1,"VX","FUTURE",$A4, D$2) -> 21.500 | E4: =RTD("tt.rtd",,"Instr",$B$1,"VX","FUTURE",$A4, E$2) -> 21.450 | F4: =RTD("tt.rtd",,"Instr",$B$1,"VX","FUTURE",$A4, F$2) -> 21.450 | G4: =RTD("tt.rtd",,"Instr",$B$1,"VX","FUTURE",$A4, G$2) -> 166 | H4: =RTD("tt.rtd",,"Instr",$B$1,"VX","FUTURE",$A4, H$2) -> 21.7247 | I4: =RTD("tt.rtd",,"Instr",$B$1,"VX","FUTURE",$A4, I$2) -> Open | J4: =RTD("tt.rtd",,"Instr",$B$1,"VX","FUTURE",$A4, J$2) -> 166 | K4: =IFERROR(IF(I4="Open",(E4+D4)/2,H4),H4) -> 21.475 | L4: =IF(AND(I4="Open",G4>0),F4,K4) -> 21.450
A5: ='cont list_bg'!T8 -> Aug26 | C5: =A5 -> Aug26 | D5: =RTD("tt.rtd",,"Instr",$B$1,"VX","FUTURE",$A5, D$2) -> 22.000 | E5: =RTD("tt.rtd",,"Instr",$B$1,"VX","FUTURE",$A5, E$2) -> 21.950 | F5: =RTD("tt.rtd",,"Instr",$B$1,"VX","FUTURE",$A5, F$2) -> 22.000 | G5: =RTD("tt.rtd",,"Instr",$B$1,"VX","FUTURE",$A5, G$2) -> 64 | H5: =RTD("tt.rtd",,"Instr",$B$1,"VX","FUTURE",$A5, H$2) -> 22.1966 | I5: =RTD("tt.rtd",,"Instr",$B$1,"VX","FUTURE",$A5, I$2) -> Open | J5: =RTD("tt.rtd",,"Instr",$B$1,"VX","FUTURE",$A5, J$2) -> 64 | K5: =IFERROR(IF(I5="Open",(E5+D5)/2,H5),H5) -> 21.975 | L5: =IF(AND(I5="Open",G5>0),F5,K5) -> 22.000
A6: ='cont list_bg'!T9 -> Sep26 | C6: =A6 -> Sep26 | D6: =RTD("tt.rtd",,"Instr",$B$1,"VX","FUTURE",$A6, D$2) -> 22.400 | E6: =RTD("tt.rtd",,"Instr",$B$1,"VX","FUTURE",$A6, E$2) -> 22.350 | F6: =RTD("tt.rtd",,"Instr",$B$1,"VX","FUTURE",$A6, F$2) -> 22.400 | G6: =RTD("tt.rtd",,"Instr",$B$1,"VX","FUTURE",$A6, G$2) -> 154 | H6: =RTD("tt.rtd",,"Instr",$B$1,"VX","FUTURE",$A6, H$2) -> 22.5276 | I6: =RTD("tt.rtd",,"Instr",$B$1,"VX","FUTURE",$A6, I$2) -> Open | J6: =RTD("tt.rtd",,"Instr",$B$1,"VX","FUTURE",$A6, J$2) -> 154 | K6: =IFERROR(IF(I6="Open",(E6+D6)/2,H6),H6) -> 22.375 | L6: =IF(AND(I6="Open",G6>0),F6,K6) -> 22.400
A7: ='cont list_bg'!T10 -> Oct26 | C7: =A7 -> Oct26 | D7: =RTD("tt.rtd",,"Instr",$B$1,"VX","FUTURE",$A7, D$2) -> 22.900 | E7: =RTD("tt.rtd",,"Instr",$B$1,"VX","FUTURE",$A7, E$2) -> 22.850 | F7: =RTD("tt.rtd",,"Instr",$B$1,"VX","FUTURE",$A7, F$2) -> 22.900 | G7: =RTD("tt.rtd",,"Instr",$B$1,"VX","FUTURE",$A7, G$2) -> 18 | H7: =RTD("tt.rtd",,"Instr",$B$1,"VX","FUTURE",$A7, H$2) -> 22.9981 | I7: =RTD("tt.rtd",,"Instr",$B$1,"VX","FUTURE",$A7, I$2) -> Open | J7: =RTD("tt.rtd",,"Instr",$B$1,"VX","FUTURE",$A7, J$2) -> 18 | K7: =IFERROR(IF(I7="Open",(E7+D7)/2,H7),H7) -> 22.875 | L7: =IF(AND(I7="Open",G7>0),F7,K7) -> 22.900
A8: ='cont list_bg'!T11 -> Nov26 | C8: =A8 -> Nov26 | D8: =RTD("tt.rtd",,"Instr",$B$1,"VX","FUTURE",$A8, D$2) -> 22.900 | E8: =RTD("tt.rtd",,"Instr",$B$1,"VX","FUTURE",$A8, E$2) -> 22.850 | F8: =RTD("tt.rtd",,"Instr",$B$1,"VX","FUTURE",$A8, F$2) -> 22.900 | G8: =RTD("tt.rtd",,"Instr",$B$1,"VX","FUTURE",$A8, G$2) -> 12 | H8: =RTD("tt.rtd",,"Instr",$B$1,"VX","FUTURE",$A8, H$2) -> 22.9565 | I8: =RTD("tt.rtd",,"Instr",$B$1,"VX","FUTURE",$A8, I$2) -> Open | J8: =RTD("tt.rtd",,"Instr",$B$1,"VX","FUTURE",$A8, J$2) -> 12 | K8: =IFERROR(IF(I8="Open",(E8+D8)/2,H8),H8) -> 22.875 | L8: =IF(AND(I8="Open",G8>0),F8,K8) -> 22.900
A9: ='cont list_bg'!T12 -> Dec26 | C9: =A9 -> Dec26 | D9: =RTD("tt.rtd",,"Instr",$B$1,"VX","FUTURE",$A9, D$2) -> 22.600 | E9: =RTD("tt.rtd",,"Instr",$B$1,"VX","FUTURE",$A9, E$2) -> 22.550 | F9: =RTD("tt.rtd",,"Instr",$B$1,"VX","FUTURE",$A9, F$2) -> 22.600 | G9: =RTD("tt.rtd",,"Instr",$B$1,"VX","FUTURE",$A9, G$2) -> 7 | H9: =RTD("tt.rtd",,"Instr",$B$1,"VX","FUTURE",$A9, H$2) -> 22.675 | I9: =RTD("tt.rtd",,"Instr",$B$1,"VX","FUTURE",$A9, I$2) -> Open | J9: =RTD("tt.rtd",,"Instr",$B$1,"VX","FUTURE",$A9, J$2) -> 7 | K9: =IFERROR(IF(I9="Open",(E9+D9)/2,H9),H9) -> 22.575 | L9: =IF(AND(I9="Open",G9>0),F9,K9) -> 22.600
A10: ='cont list_bg'!T13 -> Jan27 | C10: =A10 -> Jan27 | D10: =RTD("tt.rtd",,"Instr",$B$1,"VX","FUTURE",$A10, D$2) | E10: =RTD("tt.rtd",,"Instr",$B$1,"VX","FUTURE",$A10, E$2) | F10: =RTD("tt.rtd",,"Instr",$B$1,"VX","FUTURE",$A10, F$2) -> 23.000 | G10: =RTD("tt.rtd",,"Instr",$B$1,"VX","FUTURE",$A10, G$2) | H10: =RTD("tt.rtd",,"Instr",$B$1,"VX","FUTURE",$A10, H$2) -> 23.0665 | I10: =RTD("tt.rtd",,"Instr",$B$1,"VX","FUTURE",$A10, I$2) | J10: =RTD("tt.rtd",,"Instr",$B$1,"VX","FUTURE",$A10, J$2) | K10: =IFERROR(IF(I10="Open",(E10+D10)/2,H10),H10) -> 23.0665 | L10: =IF(AND(I10="Open",G10>0),F10,K10) -> 23.0665
A11: ='cont list_bg'!T14 -> Feb27 | C11: =A11 -> Feb27 | D11: =RTD("tt.rtd",,"Instr",$B$1,"VX","FUTURE",$A11, D$2) -> "Invalid instrument" | E11: =RTD("tt.rtd",,"Instr",$B$1,"VX","FUTURE",$A11, E$2) -> "Invalid instrument" | F11: =RTD("tt.rtd",,"Instr",$B$1,"VX","FUTURE",$A11, F$2) -> "Invalid instrument" | G11: =RTD("tt.rtd",,"Instr",$B$1,"VX","FUTURE",$A11, G$2) -> "Invalid instrument" | H11: =RTD("tt.rtd",,"Instr",$B$1,"VX","FUTURE",$A11, H$2) -> "Invalid instrument" | I11: =RTD("tt.rtd",,"Instr",$B$1,"VX","FUTURE",$A11, I$2) -> "Invalid instrument" | J11: =RTD("tt.rtd",,"Instr",$B$1,"VX","FUTURE",$A11, J$2) -> "Invalid instrument" | K11: =IFERROR(IF(I11="Open",(E11+D11)/2,H11),H11) -> "Invalid instrument" | L11: =IF(AND(I11="Open",G11>0),F11,K11) -> "Invalid instrument"
A12: ='cont list_bg'!T15 -> Mar27 | C12: =A12 -> Mar27 | D12: =RTD("tt.rtd",,"Instr",$B$1,"VX","FUTURE",$A12, D$2) -> "Invalid instrument" | E12: =RTD("tt.rtd",,"Instr",$B$1,"VX","FUTURE",$A12, E$2) -> "Invalid instrument" | F12: =RTD("tt.rtd",,"Instr",$B$1,"VX","FUTURE",$A12, F$2) -> "Invalid instrument" | G12: =RTD("tt.rtd",,"Instr",$B$1,"VX","FUTURE",$A12, G$2) -> "Invalid instrument" | H12: =RTD("tt.rtd",,"Instr",$B$1,"VX","FUTURE",$A12, H$2) -> "Invalid instrument" | I12: =RTD("tt.rtd",,"Instr",$B$1,"VX","FUTURE",$A12, I$2) -> "Invalid instrument" | J12: =RTD("tt.rtd",,"Instr",$B$1,"VX","FUTURE",$A12, J$2) -> "Invalid instrument" | K12: =IFERROR(IF(I12="Open",(E12+D12)/2,H12),H12) -> "Invalid instrument" | L12: =IF(AND(I12="Open",G12>0),F12,K12) -> "Invalid instrument"

Sheet VOXX
A1: FVS | B1: Eurex
A2: VX | B2: instrument ID | C2: Name | D2: Ask | E2: Bid | F2: Last | G2: CTQ | H2: Settle | I2: Status | J2: CTQ | K2: Mid | L2: Last
A3: ='cont list_bg'!T6 -> Jun26 | C3: =A3 -> Jun26 | D3: =RTD("tt.rtd",,"Instr",$B$1,"FVS","FUTURE",$A3, D$2) -> "services.rtd.subscriptionError" | E3: =RTD("tt.rtd",,"Instr",$B$1,"FVS","FUTURE",$A3, E$2) -> "services.rtd.subscriptionError" | F3: =RTD("tt.rtd",,"Instr",$B$1,"FVS","FUTURE",$A3, F$2) -> "services.rtd.subscriptionError" | G3: =RTD("tt.rtd",,"Instr",$B$1,"FVS","FUTURE",$A3, G$2) -> "services.rtd.subscriptionError" | H3: =RTD("tt.rtd",,"Instr",$B$1,"FVS","FUTURE",$A3, H$2) -> "services.rtd.subscriptionError" | I3: =RTD("tt.rtd",,"Instr",$B$1,"FVS","FUTURE",$A3, I$2) -> "services.rtd.subscriptionError" | J3: =RTD("tt.rtd",,"Instr",$B$1,"FVS","FUTURE",$A3, J$2) -> "services.rtd.subscriptionError" | K3: =IFERROR(IF(I3="Open",(E3+D3)/2,H3),H3) -> "services.rtd.subscriptionError" | L3: =IF(AND(I3="Open",G3>0),F3,K3) -> "services.rtd.subscriptionError"
A4: ='cont list_bg'!T7 -> Jul26 | C4: =A4 -> Jul26 | D4: =RTD("tt.rtd",,"Instr",$B$1,"FVS","FUTURE",$A4, D$2) -> 23.25 | E4: =RTD("tt.rtd",,"Instr",$B$1,"FVS","FUTURE",$A4, E$2) -> 23.15 | F4: =RTD("tt.rtd",,"Instr",$B$1,"FVS","FUTURE",$A4, F$2) -> 23.20 | G4: =RTD("tt.rtd",,"Instr",$B$1,"FVS","FUTURE",$A4, G$2) -> 4 | H4: =RTD("tt.rtd",,"Instr",$B$1,"FVS","FUTURE",$A4, H$2) -> 23.20 | I4: =RTD("tt.rtd",,"Instr",$B$1,"FVS","FUTURE",$A4, I$2) -> Open | J4: =RTD("tt.rtd",,"Instr",$B$1,"FVS","FUTURE",$A4, J$2) -> 4 | K4: =IFERROR(IF(I4="Open",(E4+D4)/2,H4),H4) -> 23.2 | L4: =IF(AND(I4="Open",G4>0),F4,K4) -> 23.20
A5: ='cont list_bg'!T8 -> Aug26 | C5: =A5 -> Aug26 | D5: =RTD("tt.rtd",,"Instr",$B$1,"FVS","FUTURE",$A5, D$2) -> 23.05 | E5: =RTD("tt.rtd",,"Instr",$B$1,"FVS","FUTURE",$A5, E$2) -> 23.00 | F5: =RTD("tt.rtd",,"Instr",$B$1,"FVS","FUTURE",$A5, F$2) -> 23.05 | G5: =RTD("tt.rtd",,"Instr",$B$1,"FVS","FUTURE",$A5, G$2) -> 3 | H5: =RTD("tt.rtd",,"Instr",$B$1,"FVS","FUTURE",$A5, H$2) -> 23.05 | I5: =RTD("tt.rtd",,"Instr",$B$1,"FVS","FUTURE",$A5, I$2) -> Open | J5: =RTD("tt.rtd",,"Instr",$B$1,"FVS","FUTURE",$A5, J$2) -> 3 | K5: =IFERROR(IF(I5="Open",(E5+D5)/2,H5),H5) -> 23.025 | L5: =IF(AND(I5="Open",G5>0),F5,K5) -> 23.05
A6: ='cont list_bg'!T9 -> Sep26 | C6: =A6 -> Sep26 | D6: =RTD("tt.rtd",,"Instr",$B$1,"FVS","FUTURE",$A6, D$2) -> 22.75 | E6: =RTD("tt.rtd",,"Instr",$B$1,"FVS","FUTURE",$A6, E$2) -> 22.70 | F6: =RTD("tt.rtd",,"Instr",$B$1,"FVS","FUTURE",$A6, F$2) | G6: =RTD("tt.rtd",,"Instr",$B$1,"FVS","FUTURE",$A6, G$2) -> 0 | H6: =RTD("tt.rtd",,"Instr",$B$1,"FVS","FUTURE",$A6, H$2) -> 22.80 | I6: =RTD("tt.rtd",,"Instr",$B$1,"FVS","FUTURE",$A6, I$2) -> Open | J6: =RTD("tt.rtd",,"Instr",$B$1,"FVS","FUTURE",$A6, J$2) -> 0 | K6: =IFERROR(IF(I6="Open",(E6+D6)/2,H6),H6) -> 22.725 | L6: =IF(AND(I6="Open",G6>0),F6,K6) -> 22.725
A7: ='cont list_bg'!T10 -> Oct26 | C7: =A7 -> Oct26 | D7: =RTD("tt.rtd",,"Instr",$B$1,"FVS","FUTURE",$A7, D$2) -> 22.55 | E7: =RTD("tt.rtd",,"Instr",$B$1,"FVS","FUTURE",$A7, E$2) -> 22.40 | F7: =RTD("tt.rtd",,"Instr",$B$1,"FVS","FUTURE",$A7, F$2) -> 22.60 | G7: =RTD("tt.rtd",,"Instr",$B$1,"FVS","FUTURE",$A7, G$2) -> 6 | H7: =RTD("tt.rtd",,"Instr",$B$1,"FVS","FUTURE",$A7, H$2) -> 22.85 | I7: =RTD("tt.rtd",,"Instr",$B$1,"FVS","FUTURE",$A7, I$2) -> Open | J7: =RTD("tt.rtd",,"Instr",$B$1,"FVS","FUTURE",$A7, J$2) -> 6 | K7: =IFERROR(IF(I7="Open",(E7+D7)/2,H7),H7) -> 22.475 | L7: =IF(AND(I7="Open",G7>0),F7,K7) -> 22.60
A8: ='cont list_bg'!T11 -> Nov26 | C8: =A8 -> Nov26 | D8: =RTD("tt.rtd",,"Instr",$B$1,"FVS","FUTURE",$A8, D$2) -> 22.55 | E8: =RTD("tt.rtd",,"Instr",$B$1,"FVS","FUTURE",$A8, E$2) -> 21.95 | F8: =RTD("tt.rtd",,"Instr",$B$1,"FVS","FUTURE",$A8, F$2) -> 22.35 | G8: =RTD("tt.rtd",,"Instr",$B$1,"FVS","FUTURE",$A8, G$2) -> 7 | H8: =RTD("tt.rtd",,"Instr",$B$1,"FVS","FUTURE",$A8, H$2) -> 22.35 | I8: =RTD("tt.rtd",,"Instr",$B$1,"FVS","FUTURE",$A8, I$2) -> Open | J8: =RTD("tt.rtd",,"Instr",$B$1,"FVS","FUTURE",$A8, J$2) -> 7 | K8: =IFERROR(IF(I8="Open",(E8+D8)/2,H8),H8) -> 22.25 | L8: =IF(AND(I8="Open",G8>0),F8,K8) -> 22.35
A9: ='cont list_bg'!T12 -> Dec26 | C9: =A9 -> Dec26 | D9: =RTD("tt.rtd",,"Instr",$B$1,"FVS","FUTURE",$A9, D$2) -> 22.00 | E9: =RTD("tt.rtd",,"Instr",$B$1,"FVS","FUTURE",$A9, E$2) -> 21.35 | F9: =RTD("tt.rtd",,"Instr",$B$1,"FVS","FUTURE",$A9, F$2) -> 22.00 | G9: =RTD("tt.rtd",,"Instr",$B$1,"FVS","FUTURE",$A9, G$2) -> 1 | H9: =RTD("tt.rtd",,"Instr",$B$1,"FVS","FUTURE",$A9, H$2) -> 21.90 | I9: =RTD("tt.rtd",,"Instr",$B$1,"FVS","FUTURE",$A9, I$2) -> Open | J9: =RTD("tt.rtd",,"Instr",$B$1,"FVS","FUTURE",$A9, J$2) -> 1 | K9: =IFERROR(IF(I9="Open",(E9+D9)/2,H9),H9) -> 21.675 | L9: =IF(AND(I9="Open",G9>0),F9,K9) -> 22.00
A10: ='cont list_bg'!T13 -> Jan27 | C10: =A10 -> Jan27 | D10: =RTD("tt.rtd",,"Instr",$B$1,"FVS","FUTURE",$A10, D$2) -> "Invalid instrument" | E10: =RTD("tt.rtd",,"Instr",$B$1,"FVS","FUTURE",$A10, E$2) -> "Invalid instrument" | F10: =RTD("tt.rtd",,"Instr",$B$1,"FVS","FUTURE",$A10, F$2) -> "Invalid instrument" | G10: =RTD("tt.rtd",,"Instr",$B$1,"FVS","FUTURE",$A10, G$2) -> "Invalid instrument" | H10: =RTD("tt.rtd",,"Instr",$B$1,"FVS","FUTURE",$A10, H$2) -> "Invalid instrument" | I10: =RTD("tt.rtd",,"Instr",$B$1,"FVS","FUTURE",$A10, I$2) -> "Invalid instrument" | J10: =RTD("tt.rtd",,"Instr",$B$1,"FVS","FUTURE",$A10, J$2) -> "Invalid instrument" | K10: =IFERROR(IF(I10="Open",(E10+D10)/2,H10),H10) -> "Invalid instrument" | L10: =IF(AND(I10="Open",G10>0),F10,K10) -> "Invalid instrument"
A11: ='cont list_bg'!T14 -> Feb27 | C11: =A11 -> Feb27 | D11: =RTD("tt.rtd",,"Instr",$B$1,"FVS","FUTURE",$A11, D$2) -> "Invalid instrument" | E11: =RTD("tt.rtd",,"Instr",$B$1,"FVS","FUTURE",$A11, E$2) -> "Invalid instrument" | F11: =RTD("tt.rtd",,"Instr",$B$1,"FVS","FUTURE",$A11, F$2) -> "Invalid instrument" | G11: =RTD("tt.rtd",,"Instr",$B$1,"FVS","FUTURE",$A11, G$2) -> "Invalid instrument" | H11: =RTD("tt.rtd",,"Instr",$B$1,"FVS","FUTURE",$A11, H$2) -> "Invalid instrument" | I11: =RTD("tt.rtd",,"Instr",$B$1,"FVS","FUTURE",$A11, I$2) -> "Invalid instrument" | J11: =RTD("tt.rtd",,"Instr",$B$1,"FVS","FUTURE",$A11, J$2) -> "Invalid instrument" | K11: =IFERROR(IF(I11="Open",(E11+D11)/2,H11),H11) -> "Invalid instrument" | L11: =IF(AND(I11="Open",G11>0),F11,K11) -> "Invalid instrument"

Sheet SR3 n-qtr
A1: SR3 n-qtr | B1: CME
A2: SR3 | B2: instrument ID | C2: Name | D2: Ask | E2: Bid | F2: Last | G2: CTQ | H2: Settle | I2: Status | J2: CTQ | K2: Mid | L2: Last

Sheet ER n-qtr
A1: ER n-qtr | B1: ICE_L
A2: I | B2: instrument ID | C2: Name | D2: Ask | E2: Bid | F2: Last | G2: CTQ | H2: Settle | I2: Status | J2: CTQ | K2: Mid | L2: Last

Sheet SR1
A1: SR1 | B1: CME
A2: SR1 | B2: instrument ID | C2: Name | D2: Ask | E2: Bid | F2: Last | G2: CTQ | H2: Settle | I2: Status | J2: CTQ | K2: Mid | L2: Last
A3: =$A$2&LEFT('cont list_bg'!K6)&RIGHT('cont list_bg'!K6) -> SR1K6 | B3: =RTD("tt.rtd",,"Inst",$B$1,$A3) -> 8541084758762950878 | C3: =RIGHT(RTD("tt.rtd",,$B3,C$2),2) -> K6 | D3: =RTD("tt.rtd",,$B3,D$2) -> 96.4275 | E3: =RTD("tt.rtd",,$B3,E$2) -> 96.4250 | F3: =RTD("tt.rtd",,$B3,F$2) -> 96.4275 | G3: =RTD("tt.rtd",,$B3,G$2) -> 8 | H3: =RTD("tt.rtd",,$B3,H$2) -> 96.4225 | I3: =RTD("tt.rtd",,$B3,I$2) -> Open | J3: =RTD("tt.rtd",,$B3,J$2) -> 8 | K3: =IFERROR(IF(I3="Open",(E3+D3)/2,H3),H3) -> 96.42625 | L3: =IF(AND(I3="Open",G3>0),F3,K3) -> 96.4275
A4: =$A$2&LEFT('cont list_bg'!K7)&RIGHT('cont list_bg'!K7) -> SR1M6 | B4: =RTD("tt.rtd",,"Inst",$B$1,$A4) -> 17580263644204615428 | C4: =RIGHT(RTD("tt.rtd",,$B4,C$2),2) -> M6 | D4: =RTD("tt.rtd",,$B4,D$2) -> 96.410 | E4: =RTD("tt.rtd",,$B4,E$2) -> 96.405 | F4: =RTD("tt.rtd",,$B4,F$2) -> 96.410 | G4: =RTD("tt.rtd",,$B4,G$2) -> 15 | H4: =RTD("tt.rtd",,$B4,H$2) -> 96.405 | I4: =RTD("tt.rtd",,$B4,I$2) -> Open | J4: =RTD("tt.rtd",,$B4,J$2) -> 15 | K4: =IFERROR(IF(I4="Open",(E4+D4)/2,H4),H4) -> 96.4075 | L4: =IF(AND(I4="Open",G4>0),F4,K4) -> 96.410
A5: =$A$2&LEFT('cont list_bg'!K8)&RIGHT('cont list_bg'!K8) -> SR1N6 | B5: =RTD("tt.rtd",,"Inst",$B$1,$A5) -> 3880399603150483481 | C5: =RIGHT(RTD("tt.rtd",,$B5,C$2),2) -> N6 | D5: =RTD("tt.rtd",,$B5,D$2) -> 96.380 | E5: =RTD("tt.rtd",,$B5,E$2) -> 96.375 | F5: =RTD("tt.rtd",,$B5,F$2) -> 96.375 | G5: =RTD("tt.rtd",,$B5,G$2) -> 17 | H5: =RTD("tt.rtd",,$B5,H$2) -> 96.370 | I5: =RTD("tt.rtd",,$B5,I$2) -> Open | J5: =RTD("tt.rtd",,$B5,J$2) -> 17 | K5: =IFERROR(IF(I5="Open",(E5+D5)/2,H5),H5) -> 96.3775 | L5: =IF(AND(I5="Open",G5>0),F5,K5) -> 96.375
A6: =$A$2&LEFT('cont list_bg'!K9)&RIGHT('cont list_bg'!K9) -> SR1Q6 | B6: =RTD("tt.rtd",,"Inst",$B$1,$A6) -> 1431239809246394376 | C6: =RIGHT(RTD("tt.rtd",,$B6,C$2),2) -> Q6 | D6: =RTD("tt.rtd",,$B6,D$2) -> 96.355 | E6: =RTD("tt.rtd",,$B6,E$2) -> 96.350 | F6: =RTD("tt.rtd",,$B6,F$2) -> 96.350 | G6: =RTD("tt.rtd",,$B6,G$2) -> 1 | H6: =RTD("tt.rtd",,$B6,H$2) -> 96.325 | I6: =RTD("tt.rtd",,$B6,I$2) -> Open | J6: =RTD("tt.rtd",,$B6,J$2) -> 1 | K6: =IFERROR(IF(I6="Open",(E6+D6)/2,H6),H6) -> 96.3525 | L6: =IF(AND(I6="Open",G6>0),F6,K6) -> 96.350
A7: =$A$2&LEFT('cont list_bg'!K10)&RIGHT('cont list_bg'!K10) -> SR1U6 | B7: =RTD("tt.rtd",,"Inst",$B$1,$A7) -> 9309381137161962615 | C7: =RIGHT(RTD("tt.rtd",,$B7,C$2),2) -> U6 | D7: =RTD("tt.rtd",,$B7,D$2) -> 96.335 | E7: =RTD("tt.rtd",,$B7,E$2) -> 96.330 | F7: =RTD("tt.rtd",,$B7,F$2) -> 96.330 | G7: =RTD("tt.rtd",,$B7,G$2) -> 2 | H7: =RTD("tt.rtd",,$B7,H$2) -> 96.295 | I7: =RTD("tt.rtd",,$B7,I$2) -> Open | J7: =RTD("tt.rtd",,$B7,J$2) -> 2 | K7: =IFERROR(IF(I7="Open",(E7+D7)/2,H7),H7) -> 96.3325 | L7: =IF(AND(I7="Open",G7>0),F7,K7) -> 96.330
A8: =$A$2&LEFT('cont list_bg'!K11)&RIGHT('cont list_bg'!K11) -> SR1V6 | B8: =RTD("tt.rtd",,"Inst",$B$1,$A8) -> 11434035541700322135 | C8: =RIGHT(RTD("tt.rtd",,$B8,C$2),2) -> V6 | D8: =RTD("tt.rtd",,$B8,D$2) -> 96.320 | E8: =RTD("tt.rtd",,$B8,E$2) -> 96.315 | F8: =RTD("tt.rtd",,$B8,F$2) -> 96.320 | G8: =RTD("tt.rtd",,$B8,G$2) -> 156 | H8: =RTD("tt.rtd",,$B8,H$2) -> 96.265 | I8: =RTD("tt.rtd",,$B8,I$2) -> Open | J8: =RTD("tt.rtd",,$B8,J$2) -> 156 | K8: =IFERROR(IF(I8="Open",(E8+D8)/2,H8),H8) -> 96.3175 | L8: =IF(AND(I8="Open",G8>0),F8,K8) -> 96.320
A9: =$A$2&LEFT('cont list_bg'!K12)&RIGHT('cont list_bg'!K12) -> SR1X6 | B9: =RTD("tt.rtd",,"Inst",$B$1,$A9) -> 8373859479390367820 | C9: =RIGHT(RTD("tt.rtd",,$B9,C$2),2) -> X6 | D9: =RTD("tt.rtd",,$B9,D$2) -> 96.295 | E9: =RTD("tt.rtd",,$B9,E$2) -> 96.290 | F9: =RTD("tt.rtd",,$B9,F$2) -> 96.295 | G9: =RTD("tt.rtd",,$B9,G$2) -> 115 | H9: =RTD("tt.rtd",,$B9,H$2) -> 96.220 | I9: =RTD("tt.rtd",,$B9,I$2) -> Open | J9: =RTD("tt.rtd",,$B9,J$2) -> 115 | K9: =IFERROR(IF(I9="Open",(E9+D9)/2,H9),H9) -> 96.2925 | L9: =IF(AND(I9="Open",G9>0),F9,K9) -> 96.295
A10: =$A$2&LEFT('cont list_bg'!K13)&RIGHT('cont list_bg'!K13) -> SR1Z6 | B10: =RTD("tt.rtd",,"Inst",$B$1,$A10) -> 638935919762336382 | C10: =RIGHT(RTD("tt.rtd",,$B10,C$2),2) -> Z6 | D10: =RTD("tt.rtd",,$B10,D$2) -> 96.240 | E10: =RTD("tt.rtd",,$B10,E$2) -> 96.235 | F10: =RTD("tt.rtd",,$B10,F$2) -> 96.240 | G10: =RTD("tt.rtd",,$B10,G$2) -> 15 | H10: =RTD("tt.rtd",,$B10,H$2) -> 96.145 | I10: =RTD("tt.rtd",,$B10,I$2) -> Open | J10: =RTD("tt.rtd",,$B10,J$2) -> 15 | K10: =IFERROR(IF(I10="Open",(E10+D10)/2,H10),H10) -> 96.2375 | L10: =IF(AND(I10="Open",G10>0),F10,K10) -> 96.240
A11: =$A$2&LEFT('cont list_bg'!K14)&RIGHT('cont list_bg'!K14) -> SR1F7 | B11: =RTD("tt.rtd",,"Inst",$B$1,$A11) -> 12267711630185759080 | C11: =RIGHT(RTD("tt.rtd",,$B11,C$2),2) -> F7 | D11: =RTD("tt.rtd",,$B11,D$2) -> 96.225 | E11: =RTD("tt.rtd",,$B11,E$2) -> 96.215 | F11: =RTD("tt.rtd",,$B11,F$2) -> 96.220 | G11: =RTD("tt.rtd",,$B11,G$2) -> 3 | H11: =RTD("tt.rtd",,$B11,H$2) -> 96.120 | I11: =RTD("tt.rtd",,$B11,I$2) -> Open | J11: =RTD("tt.rtd",,$B11,J$2) -> 3 | K11: =IFERROR(IF(I11="Open",(E11+D11)/2,H11),H11) -> 96.22 | L11: =IF(AND(I11="Open",G11>0),F11,K11) -> 96.220
A12: =$A$2&LEFT('cont list_bg'!K15)&RIGHT('cont list_bg'!K15) -> SR1G7 | B12: =RTD("tt.rtd",,"Inst",$B$1,$A12) -> 11818438006115878869 | C12: =RIGHT(RTD("tt.rtd",,$B12,C$2),2) -> G7 | D12: =RTD("tt.rtd",,$B12,D$2) -> 96.200 | E12: =RTD("tt.rtd",,$B12,E$2) -> 96.195 | F12: =RTD("tt.rtd",,$B12,F$2) -> 96.200 | G12: =RTD("tt.rtd",,$B12,G$2) -> 3 | H12: =RTD("tt.rtd",,$B12,H$2) -> 96.085 | I12: =RTD("tt.rtd",,$B12,I$2) -> Open | J12: =RTD("tt.rtd",,$B12,J$2) -> 3 | K12: =IFERROR(IF(I12="Open",(E12+D12)/2,H12),H12) -> 96.1975 | L12: =IF(AND(I12="Open",G12>0),F12,K12) -> 96.200
A13: =$A$2&LEFT('cont list_bg'!K16)&RIGHT('cont list_bg'!K16) -> SR1H7 | B13: =RTD("tt.rtd",,"Inst",$B$1,$A13) -> 11368534221547994415 | C13: =RIGHT(RTD("tt.rtd",,$B13,C$2),2) -> H7 | D13: =RTD("tt.rtd",,$B13,D$2) -> 96.175 | E13: =RTD("tt.rtd",,$B13,E$2) -> 96.165 | F13: =RTD("tt.rtd",,$B13,F$2) -> 96.175 | G13: =RTD("tt.rtd",,$B13,G$2) -> 2 | H13: =RTD("tt.rtd",,$B13,H$2) -> 96.050 | I13: =RTD("tt.rtd",,$B13,I$2) -> Open | J13: =RTD("tt.rtd",,$B13,J$2) -> 2 | K13: =IFERROR(IF(I13="Open",(E13+D13)/2,H13),H13) -> 96.17 | L13: =IF(AND(I13="Open",G13>0),F13,K13) -> 96.175
A14: =$A$2&LEFT('cont list_bg'!K17)&RIGHT('cont list_bg'!K17) -> SR1J7 | B14: =RTD("tt.rtd",,"Inst",$B$1,$A14) -> 10267416492962537231 | C14: =RIGHT(RTD("tt.rtd",,$B14,C$2),2) -> J7 | D14: =RTD("tt.rtd",,$B14,D$2) -> 96.145 | E14: =RTD("tt.rtd",,$B14,E$2) -> 96.135 | F14: =RTD("tt.rtd",,$B14,F$2) -> 96.145 | G14: =RTD("tt.rtd",,$B14,G$2) -> 4 | H14: =RTD("tt.rtd",,$B14,H$2) -> 96.015 | I14: =RTD("tt.rtd",,$B14,I$2) -> Open | J14: =RTD("tt.rtd",,$B14,J$2) -> 4 | K14: =IFERROR(IF(I14="Open",(E14+D14)/2,H14),H14) -> 96.14 | L14: =IF(AND(I14="Open",G14>0),F14,K14) -> 96.145
... A23: =$A$2&LEFT('cont list_bg'!K26)&RIGHT('cont list_bg'!K26) -> SR1F8 | B23: =RTD("tt.rtd",,"Inst",$B$1,$A23) -> 10475581751236764690 | C23: =RIGHT(RTD("tt.rtd",,$B23,C$2),2) -> F8 | D23: =RTD("tt.rtd",,$B23,D$2) -> N/A | E23: =RTD("tt.rtd",,$B23,E$2) -> N/A | F23: =RTD("tt.rtd",,$B23,F$2) | G23: =RTD("tt.rtd",,$B23,G$2) -> 0 | H23: =RTD("tt.rtd",,$B23,H$2) -> 95.975 | I23: =RTD("tt.rtd",,$B23,I$2) -> Open | J23: =RTD("tt.rtd",,$B23,J$2) -> 0 | K23: =IFERROR(IF(I23="Open",(E23+D23)/2,H23),H23) -> 95.975 | L23: =IF(AND(I23="Open",G23>0),F23,K23) -> 95.975

Sheet ZQ
A1: ZQE | B1: CME
A2: ZQ | B2: instrument ID | C2: Name | D2: Ask | E2: Bid | F2: Last | G2: CTQ | H2: Settle | I2: Status | J2: CTQ | K2: Mid | L2: Last
A3: =$A$2&LEFT('cont list_bg'!K6)&RIGHT('cont list_bg'!K6) -> ZQK6 | B3: =RTD("tt.rtd",,"Inst",$B$1,$A3) -> 13509294969420576563 | C3: =RIGHT(RTD("tt.rtd",,$B3,C$2),2) -> K6 | D3: =RTD("tt.rtd",,$B3,D$2) -> 96.3725 | E3: =RTD("tt.rtd",,$B3,E$2) -> 96.3700 | F3: =RTD("tt.rtd",,$B3,F$2) -> 96.3725 | G3: =RTD("tt.rtd",,$B3,G$2) -> 4804 | H3: =RTD("tt.rtd",,$B3,H$2) -> 96.3700 | I3: =RTD("tt.rtd",,$B3,I$2) -> Open | J3: =RTD("tt.rtd",,$B3,J$2) -> 4804 | K3: =IFERROR(IF(I3="Open",(E3+D3)/2,H3),H3) -> 96.37125 | L3: =IF(AND(I3="Open",G3>0),F3,K3) -> 96.3725
A4: =$A$2&LEFT('cont list_bg'!K7)&RIGHT('cont list_bg'!K7) -> ZQM6 | B4: =RTD("tt.rtd",,"Inst",$B$1,$A4) -> 1173228227003061405 | C4: =RIGHT(RTD("tt.rtd",,$B4,C$2),2) -> M6 | D4: =RTD("tt.rtd",,$B4,D$2) -> 96.385 | E4: =RTD("tt.rtd",,$B4,E$2) -> 96.380 | F4: =RTD("tt.rtd",,$B4,F$2) -> 96.385 | G4: =RTD("tt.rtd",,$B4,G$2) -> 3427 | H4: =RTD("tt.rtd",,$B4,H$2) -> 96.380 | I4: =RTD("tt.rtd",,$B4,I$2) -> Open | J4: =RTD("tt.rtd",,$B4,J$2) -> 3427 | K4: =IFERROR(IF(I4="Open",(E4+D4)/2,H4),H4) -> 96.3825 | L4: =IF(AND(I4="Open",G4>0),F4,K4) -> 96.385
A5: =$A$2&LEFT('cont list_bg'!K8)&RIGHT('cont list_bg'!K8) -> ZQN6 | B5: =RTD("tt.rtd",,"Inst",$B$1,$A5) -> 11804036294809825783 | C5: =RIGHT(RTD("tt.rtd",,$B5,C$2),2) -> N6 | D5: =RTD("tt.rtd",,$B5,D$2) -> 96.385 | E5: =RTD("tt.rtd",,$B5,E$2) -> 96.380 | F5: =RTD("tt.rtd",,$B5,F$2) -> 96.380 | G5: =RTD("tt.rtd",,$B5,G$2) -> 3321 | H5: =RTD("tt.rtd",,$B5,H$2) -> 96.370 | I5: =RTD("tt.rtd",,$B5,I$2) -> Open | J5: =RTD("tt.rtd",,$B5,J$2) -> 3321 | K5: =IFERROR(IF(I5="Open",(E5+D5)/2,H5),H5) -> 96.3825 | L5: =IF(AND(I5="Open",G5>0),F5,K5) -> 96.380
A6: =$A$2&LEFT('cont list_bg'!K9)&RIGHT('cont list_bg'!K9) -> ZQQ6 | B6: =RTD("tt.rtd",,"Inst",$B$1,$A6) -> 8298997090319007208 | C6: =RIGHT(RTD("tt.rtd",,$B6,C$2),2) -> Q6 | D6: =RTD("tt.rtd",,$B6,D$2) -> 96.370 | E6: =RTD("tt.rtd",,$B6,E$2) -> 96.365 | F6: =RTD("tt.rtd",,$B6,F$2) -> 96.370 | G6: =RTD("tt.rtd",,$B6,G$2) -> 3339 | H6: =RTD("tt.rtd",,$B6,H$2) -> 96.335 | I6: =RTD("tt.rtd",,$B6,I$2) -> Open | J6: =RTD("tt.rtd",,$B6,J$2) -> 3339 | K6: =IFERROR(IF(I6="Open",(E6+D6)/2,H6),H6) -> 96.3675 | L6: =IF(AND(I6="Open",G6>0),F6,K6) -> 96.370
A7: =$A$2&LEFT('cont list_bg'!K10)&RIGHT('cont list_bg'!K10) -> ZQU6 | B7: =RTD("tt.rtd",,"Inst",$B$1,$A7) -> 7551864584289735302 | C7: =RIGHT(RTD("tt.rtd",,$B7,C$2),2) -> U6 | D7: =RTD("tt.rtd",,$B7,D$2) -> 96.355 | E7: =RTD("tt.rtd",,$B7,E$2) -> 96.350 | F7: =RTD("tt.rtd",,$B7,F$2) -> 96.355 | G7: =RTD("tt.rtd",,$B7,G$2) -> 621 | H7: =RTD("tt.rtd",,$B7,H$2) -> 96.310 | I7: =RTD("tt.rtd",,$B7,I$2) -> Open | J7: =RTD("tt.rtd",,$B7,J$2) -> 621 | K7: =IFERROR(IF(I7="Open",(E7+D7)/2,H7),H7) -> 96.3525 | L7: =IF(AND(I7="Open",G7>0),F7,K7) -> 96.355
A8: =$A$2&LEFT('cont list_bg'!K11)&RIGHT('cont list_bg'!K11) -> ZQV6 | B8: =RTD("tt.rtd",,"Inst",$B$1,$A8) -> 7772853716872034867 | C8: =RIGHT(RTD("tt.rtd",,$B8,C$2),2) -> V6 | D8: =RTD("tt.rtd",,$B8,D$2) -> 96.340 | E8: =RTD("tt.rtd",,$B8,E$2) -> 96.335 | F8: =RTD("tt.rtd",,$B8,F$2) -> 96.340 | G8: =RTD("tt.rtd",,$B8,G$2) -> 125 | H8: =RTD("tt.rtd",,$B8,H$2) -> 96.280 | I8: =RTD("tt.rtd",,$B8,I$2) -> Open | J8: =RTD("tt.rtd",,$B8,J$2) -> 125 | K8: =IFERROR(IF(I8="Open",(E8+D8)/2,H8),H8) -> 96.3375 | L8: =IF(AND(I8="Open",G8>0),F8,K8) -> 96.340
A9: =$A$2&LEFT('cont list_bg'!K12)&RIGHT('cont list_bg'!K12) -> ZQX6 | B9: =RTD("tt.rtd",,"Inst",$B$1,$A9) -> 13208077381270415860 | C9: =RIGHT(RTD("tt.rtd",,$B9,C$2),2) -> X6 | D9: =RTD("tt.rtd",,$B9,D$2) -> 96.320 | E9: =RTD("tt.rtd",,$B9,E$2) -> 96.315 | F9: =RTD("tt.rtd",,$B9,F$2) -> 96.315 | G9: =RTD("tt.rtd",,$B9,G$2) -> 148 | H9: =RTD("tt.rtd",,$B9,H$2) -> 96.240 | I9: =RTD("tt.rtd",,$B9,I$2) -> Open | J9: =RTD("tt.rtd",,$B9,J$2) -> 148 | K9: =IFERROR(IF(I9="Open",(E9+D9)/2,H9),H9) -> 96.3175 | L9: =IF(AND(I9="Open",G9>0),F9,K9) -> 96.315
A10: =$A$2&LEFT('cont list_bg'!K13)&RIGHT('cont list_bg'!K13) -> ZQZ6 | B10: =RTD("tt.rtd",,"Inst",$B$1,$A10) -> 14618707670258439481 | C10: =RIGHT(RTD("tt.rtd",,$B10,C$2),2) -> Z6 | D10: =RTD("tt.rtd",,$B10,D$2) -> 96.275 | E10: =RTD("tt.rtd",,$B10,E$2) -> 96.270 | F10: =RTD("tt.rtd",,$B10,F$2) -> 96.280 | G10: =RTD("tt.rtd",,$B10,G$2) -> 66 | H10: =RTD("tt.rtd",,$B10,H$2) -> 96.180 | I10: =RTD("tt.rtd",,$B10,I$2) -> Open | J10: =RTD("tt.rtd",,$B10,J$2) -> 66 | K10: =IFERROR(IF(I10="Open",(E10+D10)/2,H10),H10) -> 96.2725 | L10: =IF(AND(I10="Open",G10>0),F10,K10) -> 96.280
A11: =$A$2&LEFT('cont list_bg'!K14)&RIGHT('cont list_bg'!K14) -> ZQF7 | B11: =RTD("tt.rtd",,"Inst",$B$1,$A11) -> 10173148798524565647 | C11: =RIGHT(RTD("tt.rtd",,$B11,C$2),2) -> F7 | D11: =RTD("tt.rtd",,$B11,D$2) -> 96.260 | E11: =RTD("tt.rtd",,$B11,E$2) -> 96.255 | F11: =RTD("tt.rtd",,$B11,F$2) -> 96.260 | G11: =RTD("tt.rtd",,$B11,G$2) -> 31 | H11: =RTD("tt.rtd",,$B11,H$2) -> 96.155 | I11: =RTD("tt.rtd",,$B11,I$2) -> Open | J11: =RTD("tt.rtd",,$B11,J$2) -> 31 | K11: =IFERROR(IF(I11="Open",(E11+D11)/2,H11),H11) -> 96.2575 | L11: =IF(AND(I11="Open",G11>0),F11,K11) -> 96.260
A12: =$A$2&LEFT('cont list_bg'!K15)&RIGHT('cont list_bg'!K15) -> ZQG7 | B12: =RTD("tt.rtd",,"Inst",$B$1,$A12) -> 880647980586631019 | C12: =RIGHT(RTD("tt.rtd",,$B12,C$2),2) -> G7 | D12: =RTD("tt.rtd",,$B12,D$2) -> 96.230 | E12: =RTD("tt.rtd",,$B12,E$2) -> 96.225 | F12: =RTD("tt.rtd",,$B12,F$2) -> 96.225 | G12: =RTD("tt.rtd",,$B12,G$2) -> 10 | H12: =RTD("tt.rtd",,$B12,H$2) -> 96.110 | I12: =RTD("tt.rtd",,$B12,I$2) -> Open | J12: =RTD("tt.rtd",,$B12,J$2) -> 10 | K12: =IFERROR(IF(I12="Open",(E12+D12)/2,H12),H12) -> 96.2275 | L12: =IF(AND(I12="Open",G12>0),F12,K12) -> 96.225
A13: =$A$2&LEFT('cont list_bg'!K16)&RIGHT('cont list_bg'!K16) -> ZQH7 | B13: =RTD("tt.rtd",,"Inst",$B$1,$A13) -> 887816061348387785 | C13: =RIGHT(RTD("tt.rtd",,$B13,C$2),2) -> H7 | D13: =RTD("tt.rtd",,$B13,D$2) -> 96.200 | E13: =RTD("tt.rtd",,$B13,E$2) -> 96.195 | F13: =RTD("tt.rtd",,$B13,F$2) -> 96.200 | G13: =RTD("tt.rtd",,$B13,G$2) -> 16 | H13: =RTD("tt.rtd",,$B13,H$2) -> 96.075 | I13: =RTD("tt.rtd",,$B13,I$2) -> Open | J13: =RTD("tt.rtd",,$B13,J$2) -> 16 | K13: =IFERROR(IF(I13="Open",(E13+D13)/2,H13),H13) -> 96.1975 | L13: =IF(AND(I13="Open",G13>0),F13,K13) -> 96.200
A14: =$A$2&LEFT('cont list_bg'!K17)&RIGHT('cont list_bg'!K17) -> ZQJ7 | B14: =RTD("tt.rtd",,"Inst",$B$1,$A14) -> 410715719020149495 | C14: =RIGHT(RTD("tt.rtd",,$B14,C$2),2) -> J7 | D14: =RTD("tt.rtd",,$B14,D$2) -> 96.170 | E14: =RTD("tt.rtd",,$B14,E$2) -> 96.165 | F14: =RTD("tt.rtd",,$B14,F$2) -> 96.170 | G14: =RTD("tt.rtd",,$B14,G$2) -> 3 | H14: =RTD("tt.rtd",,$B14,H$2) -> 96.035 | I14: =RTD("tt.rtd",,$B14,I$2) -> Open | J14: =RTD("tt.rtd",,$B14,J$2) -> 3 | K14: =IFERROR(IF(I14="Open",(E14+D14)/2,H14),H14) -> 96.1675 | L14: =IF(AND(I14="Open",G14>0),F14,K14) -> 96.170
... A23: =$A$2&LEFT('cont list_bg'!K26)&RIGHT('cont list_bg'!K26) -> ZQF8 | B23: =RTD("tt.rtd",,"Inst",$B$1,$A23) -> 9891412297684821778 | C23: =RIGHT(RTD("tt.rtd",,$B23,C$2),2) -> F8 | D23: =RTD("tt.rtd",,$B23,D$2) -> N/A | E23: =RTD("tt.rtd",,$B23,E$2) -> N/A | F23: =RTD("tt.rtd",,$B23,F$2) | G23: =RTD("tt.rtd",,$B23,G$2) -> 0 | H23: =RTD("tt.rtd",,$B23,H$2) -> 96.040 | I23: =RTD("tt.rtd",,$B23,I$2) -> Open | J23: =RTD("tt.rtd",,$B23,J$2) -> 0 | K23: =IFERROR(IF(I23="Open",(E23+D23)/2,H23),H23) -> 96.040 | L23: =IF(AND(I23="Open",G23>0),F23,K23) -> 96.040

Sheet SZI0
A1: SZI0 | B1: CME
A2: SZI0 | B2: instrument ID | C2: Name | D2: Ask | E2: Bid | F2: Last | G2: CTQ | H2: Settle | I2: Status | J2: CTQ | K2: Mid | L2: Last
A3: =$A$2&LEFT('cont list_bg'!K6)&RIGHT('cont list_bg'!K6) -> SZI0K6 | C3: =RIGHT(A3,2) -> K6 | K3: =('SR1'!K3-ZQ!K3) -> 0.055
A4: =$A$2&LEFT('cont list_bg'!K7)&RIGHT('cont list_bg'!K7) -> SZI0M6 | C4: =RIGHT(A4,2) -> M6 | K4: =('SR1'!K4-ZQ!K4) -> 0.025
A5: =$A$2&LEFT('cont list_bg'!K8)&RIGHT('cont list_bg'!K8) -> SZI0N6 | C5: =RIGHT(A5,2) -> N6 | K5: =('SR1'!K5-ZQ!K5) -> -0.005
A6: =$A$2&LEFT('cont list_bg'!K9)&RIGHT('cont list_bg'!K9) -> SZI0Q6 | C6: =RIGHT(A6,2) -> Q6 | K6: =('SR1'!K6-ZQ!K6) -> -0.015
A7: =$A$2&LEFT('cont list_bg'!K10)&RIGHT('cont list_bg'!K10) -> SZI0U6 | C7: =RIGHT(A7,2) -> U6 | K7: =('SR1'!K7-ZQ!K7) -> -0.02
A8: =$A$2&LEFT('cont list_bg'!K11)&RIGHT('cont list_bg'!K11) -> SZI0V6 | C8: =RIGHT(A8,2) -> V6 | K8: =('SR1'!K8-ZQ!K8) -> -0.02
A9: =$A$2&LEFT('cont list_bg'!K12)&RIGHT('cont list_bg'!K12) -> SZI0X6 | C9: =RIGHT(A9,2) -> X6 | K9: =('SR1'!K9-ZQ!K9) -> -0.025
A10: =$A$2&LEFT('cont list_bg'!K13)&RIGHT('cont list_bg'!K13) -> SZI0Z6 | C10: =RIGHT(A10,2) -> Z6 | K10: =('SR1'!K10-ZQ!K10) -> -0.035
A11: =$A$2&LEFT('cont list_bg'!K14)&RIGHT('cont list_bg'!K14) -> SZI0F7 | C11: =RIGHT(A11,2) -> F7 | K11: =('SR1'!K11-ZQ!K11) -> -0.0375
A12: =$A$2&LEFT('cont list_bg'!K15)&RIGHT('cont list_bg'!K15) -> SZI0G7 | C12: =RIGHT(A12,2) -> G7 | K12: =('SR1'!K12-ZQ!K12) -> -0.03
A13: =$A$2&LEFT('cont list_bg'!K16)&RIGHT('cont list_bg'!K16) -> SZI0H7 | C13: =RIGHT(A13,2) -> H7 | K13: =('SR1'!K13-ZQ!K13) -> -0.0275
A14: =$A$2&LEFT('cont list_bg'!K17)&RIGHT('cont list_bg'!K17) -> SZI0J7 | C14: =RIGHT(A14,2) -> J7 | K14: =('SR1'!K14-ZQ!K14) -> -0.0275
... A17: =$A$2&LEFT('cont list_bg'!K20)&RIGHT('cont list_bg'!K20) -> SZI0N7 | C17: =RIGHT(A17,2) -> N7 | K17: =('SR1'!K17-ZQ!K17) -> -0.0325

Sheet cont list_bg
A1: today's date -1 | B1: hence first contract | C1: row # | E1: today's date | F1: hence first contract | G1: row # | I1: today's date | J1: hence first contract | K1: row # | Q1: today's date | R1: hence first contract | S1: row # | V1: mpc | W1: emp | Y1: SR3 n-qtr | Z1: ER n-QTR
A2: =TODAY()-1 -> 46162 | B2: =LOOKUP($A$2, $A$6:$A$63, $B$6:$B$63) -> H26 | C2: =MATCH(B2, $B$6:$B$63, 0) -> 3 | E2: =TODAY() -> 46163 | F2: =LOOKUP($E$2, $E$6:$E$63, $F$6:$F$63) -> H26 | G2: =MATCH(F2, $F$6:$F$63, 0) -> 3 | I2: =TODAY() -> 46163 | J2: =LOOKUP($I$2, $I$6:$I$125, $J$6:$J$125) -> K26 | K2: =MATCH(J2, $J$6:$J$125, 0) -> 17 | Q2: =TODAY() -> 46163 | R2: =LOOKUP($Q$2, $Q$6:$Q$125, $R$6:$R$125) -> M26 | S2: =MATCH(R2, $R$6:$R$125, 0) -> 18
A3: #euro contract are behind by 2 days | P3: this is expiry of corresponding contract | V3: {=TRANSPOSE(MEETS_bg!$B$4:$U$4)} -> 46191 | W3: {=TRANSPOSE(MEETS_bg!$B$3:$U$3)} -> 46184
A4: I | B4: ICE_L | E4: SR3/SO3/SA3/CRA/ER3 | F4: CME | I4: ZQ | M4: VX/FVS | V4: 46233 | W4: 46226
A5: start of tenure (SR3) | B5: Qtr | C5: contracts after first contract | E5: start of tenure (SR3) | F5: Qtr | G5: contracts after first contract | I5: start of tenure (SR3) | J5: Qtr | K5: contracts after first contract | M5: month+1 | N5: year of +1 month | O5: third Friday | P5: third Friday-30 | Q5: start of tenure (SR3) | R5: Qtr | S5: contracts after first contract | V5: 46282 | W5: 46275
A6: =(DATE(2000+RIGHT(B6,2),VLOOKUP(LEFT(B6,1),$A$71:$B$82,2),(2+MOD(10-WEEKDAY(DATE(2000+RIGHT(B6,2),VLOOKUP(LEFT(B6,1),$A$71:$B$82,2),1)),7))))+14 -> 45917 | B6: U25 | C6: {=_xlfn._xlws.FILTER( $B$6:$B$63, ROW( $B$6:$B$63) >= $C$2+5, 0)} -> H26 | E6: =(DATE(2000+RIGHT(F6,2),VLOOKUP(LEFT(F6,1),$E$71:$F$82,2),(2+MOD(10-WEEKDAY(DATE(2000+RIGHT(F6,2),VLOOKUP(LEFT(F6,1),$E$71:$F$82,2),1)),7))))+14 -> 45917 | F6: U25 | G6: {=_xlfn._xlws.FILTER( $F$6:$F$63, ROW( $F$6:$F$63) >= $G$2+5, 0)} -> H26 | I6: =DATE(RIGHT(J6,2)+100, VLOOKUP(LEFT(J6,1), $I$130:$J$141, 2,0), 1) -> 45658 | J6: F25 | K6: {=_xlfn._xlws.FILTER( $J$6:$J$125, ROW( $J$6:$J$125) >= $K$2+5, 0)} -> K26 | M6: =MOD(VLOOKUP(LEFT(R6,1),$E$71:$G$82,2,0),12)+1 -> 2 | N6: =IF(M6>1, RIGHT(R6,2),RIGHT(R7,2)) -> 25 | O6: =DATE(N6+100, M6, 1) + 14 + MOD(6 - WEEKDAY(DATE(N6+100, M6, 1)), 7) -> 45709 | P6: =O6-30 -> 45679 | Q6: =P5+1 -> #VALUE! | R6: F25 | S6: {=_xlfn._xlws.FILTER( $R$6:$R$125, ROW( $R$6:$R$125) >= $S$2+5, 0)} -> M26 | T6: =VLOOKUP(LEFT(S6,1),$E$71:$G$82,3,0)& RIGHT(S6,2) -> Jun26 | V6: 46331 | W6: 46324
A7: =(DATE(2000+RIGHT(B7,2),VLOOKUP(LEFT(B7,1),$A$71:$B$82,2),(2+MOD(10-WEEKDAY(DATE(2000+RIGHT(B7,2),VLOOKUP(LEFT(B7,1),$A$71:$B$82,2),1)),7))))+14 -> 46008 | B7: Z25 | C7: M26 | E7: =(DATE(2000+RIGHT(F7,2),VLOOKUP(LEFT(F7,1),$E$71:$F$82,2),(2+MOD(10-WEEKDAY(DATE(2000+RIGHT(F7,2),VLOOKUP(LEFT(F7,1),$E$71:$F$82,2),1)),7))))+14 -> 46008 | F7: Z25 | G7: M26 | I7: =DATE(RIGHT(J7,2)+100, VLOOKUP(LEFT(J7,1), $I$130:$J$141, 2,0), 1) -> 45689 | J7: G25 | K7: M26 | M7: =MOD(VLOOKUP(LEFT(R7,1),$E$71:$G$82,2,0),12)+1 -> 3 | N7: =IF(M7>1, RIGHT(R7,2),RIGHT(R8,2)) -> 25 | O7: =DATE(N7+100, M7, 1) + 14 + MOD(6 - WEEKDAY(DATE(N7+100, M7, 1)), 7) -> 45737 | P7: =O7-30 -> 45707 | Q7: =P6+1 -> 45680 | R7: G25 | S7: N26 | T7: =VLOOKUP(LEFT(S7,1),$E$71:$G$82,3,0)& RIGHT(S7,2) -> Jul26 | V7: 46373 | W7: 46373
A8: =(DATE(2000+RIGHT(B8,2),VLOOKUP(LEFT(B8,1),$A$71:$B$82,2),(2+MOD(10-WEEKDAY(DATE(2000+RIGHT(B8,2),VLOOKUP(LEFT(B8,1),$A$71:$B$82,2),1)),7))))+14 -> 46099 | B8: H26 | C8: U26 | E8: =(DATE(2000+RIGHT(F8,2),VLOOKUP(LEFT(F8,1),$E$71:$F$82,2),(2+MOD(10-WEEKDAY(DATE(2000+RIGHT(F8,2),VLOOKUP(LEFT(F8,1),$E$71:$F$82,2),1)),7))))+14 -> 46099 | F8: H26 | G8: U26 | I8: =DATE(RIGHT(J8,2)+100, VLOOKUP(LEFT(J8,1), $I$130:$J$141, 2,0), 1) -> 45717 | J8: H25 | K8: N26 | M8: =MOD(VLOOKUP(LEFT(R8,1),$E$71:$G$82,2,0),12)+1 -> 4 | N8: =IF(M8>1, RIGHT(R8,2),RIGHT(R9,2)) -> 25 | O8: =DATE(N8+100, M8, 1) + 14 + MOD(6 - WEEKDAY(DATE(N8+100, M8, 1)), 7) -> 45765 | P8: =O8-30 -> 45735 | Q8: =P7+1 -> 45708 | R8: H25 | S8: Q26 | T8: =VLOOKUP(LEFT(S8,1),$E$71:$G$82,3,0)& RIGHT(S8,2) -> Aug26 | V8: 46422 | W8: 46422
A9: =(DATE(2000+RIGHT(B9,2),VLOOKUP(LEFT(B9,1),$A$71:$B$82,2),(2+MOD(10-WEEKDAY(DATE(2000+RIGHT(B9,2),VLOOKUP(LEFT(B9,1),$A$71:$B$82,2),1)),7))))+14 -> 46190 | B9: M26 | C9: Z26 | E9: =(DATE(2000+RIGHT(F9,2),VLOOKUP(LEFT(F9,1),$E$71:$F$82,2),(2+MOD(10-WEEKDAY(DATE(2000+RIGHT(F9,2),VLOOKUP(LEFT(F9,1),$E$71:$F$82,2),1)),7))))+14 -> 46190 | F9: M26 | G9: Z26 | I9: =DATE(RIGHT(J9,2)+100, VLOOKUP(LEFT(J9,1), $I$130:$J$141, 2,0), 1) -> 45748 | J9: J25 | K9: Q26 | M9: =MOD(VLOOKUP(LEFT(R9,1),$E$71:$G$82,2,0),12)+1 -> 5 | N9: =IF(M9>1, RIGHT(R9,2),RIGHT(R10,2)) -> 25 | O9: =DATE(N9+100, M9, 1) + 14 + MOD(6 - WEEKDAY(DATE(N9+100, M9, 1)), 7) -> 45793 | P9: =O9-30 -> 45763 | Q9: =P8+1 -> 45736 | R9: J25 | S9: U26 | T9: =VLOOKUP(LEFT(S9,1),$E$71:$G$82,3,0)& RIGHT(S9,2) -> Sep26 | V9: 46464 | W9: 46464
A10: =(DATE(2000+RIGHT(B10,2),VLOOKUP(LEFT(B10,1),$A$71:$B$82,2),(2+MOD(10-WEEKDAY(DATE(2000+RIGHT(B10,2),VLOOKUP(LEFT(B10,1),$A$71:$B$82,2),1)),7))))+14 -> 46281 | B10: U26 | C10: H27 | E10: =(DATE(2000+RIGHT(F10,2),VLOOKUP(LEFT(F10,1),$E$71:$F$82,2),(2+MOD(10-WEEKDAY(DATE(2000+RIGHT(F10,2),VLOOKUP(LEFT(F10,1),$E$71:$F$82,2),1)),7))))+14 -> 46281 | F10: U26 | G10: H27 | I10: =DATE(RIGHT(J10,2)+100, VLOOKUP(LEFT(J10,1), $I$130:$J$141, 2,0), 1) -> 45778 | J10: K25 | K10: U26 | M10: =MOD(VLOOKUP(LEFT(R10,1),$E$71:$G$82,2,0),12)+1 -> 6 | N10: =IF(M10>1, RIGHT(R10,2),RIGHT(R11,2)) -> 25 | O10: =DATE(N10+100, M10, 1) + 14 + MOD(6 - WEEKDAY(DATE(N10+100, M10, 1)), 7) -> 45828 | P10: =O10-30 -> 45798 | Q10: =P9+1 -> 45764 | R10: K25 | S10: V26 | T10: =VLOOKUP(LEFT(S10,1),$E$71:$G$82,3,0)& RIGHT(S10,2) -> Oct26 | V10: 46506 | W10: 46506
A11: =(DATE(2000+RIGHT(B11,2),VLOOKUP(LEFT(B11,1),$A$71:$B$82,2),(2+MOD(10-WEEKDAY(DATE(2000+RIGHT(B11,2),VLOOKUP(LEFT(B11,1),$A$71:$B$82,2),1)),7))))+14 -> 46372 | B11: Z26 | C11: M27 | E11: =(DATE(2000+RIGHT(F11,2),VLOOKUP(LEFT(F11,1),$E$71:$F$82,2),(2+MOD(10-WEEKDAY(DATE(2000+RIGHT(F11,2),VLOOKUP(LEFT(F11,1),$E$71:$F$82,2),1)),7))))+14 -> 46372 | F11: Z26 | G11: M27 | I11: =DATE(RIGHT(J11,2)+100, VLOOKUP(LEFT(J11,1), $I$130:$J$141, 2,0), 1) -> 45809 | J11: M25 | K11: V26 | M11: =MOD(VLOOKUP(LEFT(R11,1),$E$71:$G$82,2,0),12)+1 -> 7 | N11: =IF(M11>1, RIGHT(R11,2),RIGHT(R12,2)) -> 25 | O11: =DATE(N11+100, M11, 1) + 14 + MOD(6 - WEEKDAY(DATE(N11+100, M11, 1)), 7) -> 45856 | P11: =O11-30 -> 45826 | Q11: =P10+1 -> 45799 | R11: M25 | S11: X26 | T11: =VLOOKUP(LEFT(S11,1),$E$71:$G$82,3,0)& RIGHT(S11,2) -> Nov26 | V11: 46555 | W11: 46548
A12: =(DATE(2000+RIGHT(B12,2),VLOOKUP(LEFT(B12,1),$A$71:$B$82,2),(2+MOD(10-WEEKDAY(DATE(2000+RIGHT(B12,2),VLOOKUP(LEFT(B12,1),$A$71:$B$82,2),1)),7))))+14 -> 46463 | B12: H27 | C12: U27 | E12: =(DATE(2000+RIGHT(F12,2),VLOOKUP(LEFT(F12,1),$E$71:$F$82,2),(2+MOD(10-WEEKDAY(DATE(2000+RIGHT(F12,2),VLOOKUP(LEFT(F12,1),$E$71:$F$82,2),1)),7))))+14 -> 46463 | F12: H27 | G12: U27 | I12: =DATE(RIGHT(J12,2)+100, VLOOKUP(LEFT(J12,1), $I$130:$J$141, 2,0), 1) -> 45839 | J12: N25 | K12: X26 | M12: =MOD(VLOOKUP(LEFT(R12,1),$E$71:$G$82,2,0),12)+1 -> 8 | N12: =IF(M12>1, RIGHT(R12,2),RIGHT(R13,2)) -> 25 | O12: =DATE(N12+100, M12, 1) + 14 + MOD(6 - WEEKDAY(DATE(N12+100, M12, 1)), 7) -> 45884 | P12: =O12-30 -> 45854 | Q12: =P11+1 -> 45827 | R12: N25 | S12: Z26 | T12: =VLOOKUP(LEFT(S12,1),$E$71:$G$82,3,0)& RIGHT(S12,2) -> Dec26 | V12: 46597 | W12: 46225
A13: =(DATE(2000+RIGHT(B13,2),VLOOKUP(LEFT(B13,1),$A$71:$B$82,2),(2+MOD(10-WEEKDAY(DATE(2000+RIGHT(B13,2),VLOOKUP(LEFT(B13,1),$A$71:$B$82,2),1)),7))))+14 -> 46554 | B13: M27 | C13: Z27 | E13: =(DATE(2000+RIGHT(F13,2),VLOOKUP(LEFT(F13,1),$E$71:$F$82,2),(2+MOD(10-WEEKDAY(DATE(2000+RIGHT(F13,2),VLOOKUP(LEFT(F13,1),$E$71:$F$82,2),1)),7))))+14 -> 46554 | F13: M27 | G13: Z27 | I13: =DATE(RIGHT(J13,2)+100, VLOOKUP(LEFT(J13,1), $I$130:$J$141, 2,0), 1) -> 45870 | J13: Q25 | K13: Z26 | M13: =MOD(VLOOKUP(LEFT(R13,1),$E$71:$G$82,2,0),12)+1 -> 9 | N13: =IF(M13>1, RIGHT(R13,2),RIGHT(R14,2)) -> 25 | O13: =DATE(N13+100, M13, 1) + 14 + MOD(6 - WEEKDAY(DATE(N13+100, M13, 1)), 7) -> 45919 | P13: =O13-30 -> 45889 | Q13: =P12+1 -> 45855 | R13: Q25 | S13: F27 | T13: =VLOOKUP(LEFT(S13,1),$E$71:$G$82,3,0)& RIGHT(S13,2) -> Jan27 | V13: 46646 | W13: 46639
A14: =(DATE(2000+RIGHT(B14,2),VLOOKUP(LEFT(B14,1),$A$71:$B$82,2),(2+MOD(10-WEEKDAY(DATE(2000+RIGHT(B14,2),VLOOKUP(LEFT(B14,1),$A$71:$B$82,2),1)),7))))+14 -> 46652 | B14: U27 | C14: H28 | E14: =(DATE(2000+RIGHT(F14,2),VLOOKUP(LEFT(F14,1),$E$71:$F$82,2),(2+MOD(10-WEEKDAY(DATE(2000+RIGHT(F14,2),VLOOKUP(LEFT(F14,1),$E$71:$F$82,2),1)),7))))+14 -> 46652 | F14: U27 | G14: H28 | I14: =DATE(RIGHT(J14,2)+100, VLOOKUP(LEFT(J14,1), $I$130:$J$141, 2,0), 1) -> 45901 | J14: U25 | K14: F27 | M14: =MOD(VLOOKUP(LEFT(R14,1),$E$71:$G$82,2,0),12)+1 -> 10 | N14: =IF(M14>1, RIGHT(R14,2),RIGHT(R15,2)) -> 25 | O14: =DATE(N14+100, M14, 1) + 14 + MOD(6 - WEEKDAY(DATE(N14+100, M14, 1)), 7) -> 45947 | P14: =O14-30 -> 45917 | Q14: =P13+1 -> 45890 | R14: U25 | S14: G27 | T14: =VLOOKUP(LEFT(S14,1),$E$71:$G$82,3,0)& RIGHT(S14,2) -> Feb27 | V14: 46695 | W14: 46688
A15: =(DATE(2000+RIGHT(B15,2),VLOOKUP(LEFT(B15,1),$A$71:$B$82,2),(2+MOD(10-WEEKDAY(DATE(2000+RIGHT(B15,2),VLOOKUP(LEFT(B15,1),$A$71:$B$82,2),1)),7))))+14 -> 46743 | B15: Z27 | C15: M28 | E15: =(DATE(2000+RIGHT(F15,2),VLOOKUP(LEFT(F15,1),$E$71:$F$82,2),(2+MOD(10-WEEKDAY(DATE(2000+RIGHT(F15,2),VLOOKUP(LEFT(F15,1),$E$71:$F$82,2),1)),7))))+14 -> 46743 | F15: Z27 | G15: M28 | I15: =DATE(RIGHT(J15,2)+100, VLOOKUP(LEFT(J15,1), $I$130:$J$141, 2,0), 1) -> 45931 | J15: V25 | K15: G27 | M15: =MOD(VLOOKUP(LEFT(R15,1),$E$71:$G$82,2,0),12)+1 -> 11 | N15: =IF(M15>1, RIGHT(R15,2),RIGHT(R16,2)) -> 25 | O15: =DATE(N15+100, M15, 1) + 14 + MOD(6 - WEEKDAY(DATE(N15+100, M15, 1)), 7) -> 45982 | P15: =O15-30 -> 45952 | Q15: =P14+1 -> 45918 | R15: V25 | S15: H27 | T15: =VLOOKUP(LEFT(S15,1),$E$71:$G$82,3,0)& RIGHT(S15,2) -> Mar27 | V15: 46737 | W15: 46737
A16: =(DATE(2000+RIGHT(B16,2),VLOOKUP(LEFT(B16,1),$A$71:$B$82,2),(2+MOD(10-WEEKDAY(DATE(2000+RIGHT(B16,2),VLOOKUP(LEFT(B16,1),$A$71:$B$82,2),1)),7))))+14 -> 46834 | B16: H28 | C16: U28 | E16: =(DATE(2000+RIGHT(F16,2),VLOOKUP(LEFT(F16,1),$E$71:$F$82,2),(2+MOD(10-WEEKDAY(DATE(2000+RIGHT(F16,2),VLOOKUP(LEFT(F16,1),$E$71:$F$82,2),1)),7))))+14 -> 46834 | F16: H28 | G16: U28 | I16: =DATE(RIGHT(J16,2)+100, VLOOKUP(LEFT(J16,1), $I$130:$J$141, 2,0), 1) -> 45962 | J16: X25 | K16: H27 | M16: =MOD(VLOOKUP(LEFT(R16,1),$E$71:$G$82,2,0),12)+1 -> 12 | N16: =IF(M16>1, RIGHT(R16,2),RIGHT(R17,2)) -> 25 | O16: =DATE(N16+100, M16, 1) + 14 + MOD(6 - WEEKDAY(DATE(N16+100, M16, 1)), 7) -> 46010 | P16: =O16-30 -> 45980 | Q16: =P15+1 -> 45953 | R16: X25 | S16: J27 | T16: =VLOOKUP(LEFT(S16,1),$E$71:$G$82,3,0)& RIGHT(S16,2) -> Apr27 | V16: 0 | W16: 46786
A17: =(DATE(2000+RIGHT(B17,2),VLOOKUP(LEFT(B17,1),$A$71:$B$82,2),(2+MOD(10-WEEKDAY(DATE(2000+RIGHT(B17,2),VLOOKUP(LEFT(B17,1),$A$71:$B$82,2),1)),7))))+14 -> 46925 | B17: M28 | C17: Z28 | E17: =(DATE(2000+RIGHT(F17,2),VLOOKUP(LEFT(F17,1),$E$71:$F$82,2),(2+MOD(10-WEEKDAY(DATE(2000+RIGHT(F17,2),VLOOKUP(LEFT(F17,1),$E$71:$F$82,2),1)),7))))+14 -> 46925 | F17: M28 | G17: Z28 | I17: =DATE(RIGHT(J17,2)+100, VLOOKUP(LEFT(J17,1), $I$130:$J$141, 2,0), 1) -> 45992 | J17: Z25 | K17: J27 | M17: =MOD(VLOOKUP(LEFT(R17,1),$E$71:$G$82,2,0),12)+1 -> 1 | N17: =IF(M17>1, RIGHT(R17,2),RIGHT(R18,2)) -> 26 | O17: =DATE(N17+100, M17, 1) + 14 + MOD(6 - WEEKDAY(DATE(N17+100, M17, 1)), 7) -> 46038 | P17: =O17-30 -> 46008 | Q17: =P16+1 -> 45981 | R17: Z25 | S17: K27 | T17: =VLOOKUP(LEFT(S17,1),$E$71:$G$82,3,0)& RIGHT(S17,2) -> May27 | V17: 0 | W17: 46835
A18: =(DATE(2000+RIGHT(B18,2),VLOOKUP(LEFT(B18,1),$A$71:$B$82,2),(2+MOD(10-WEEKDAY(DATE(2000+RIGHT(B18,2),VLOOKUP(LEFT(B18,1),$A$71:$B$82,2),1)),7))))+14 -> 47016 | B18: U28 | C18: H29 | E18: =(DATE(2000+RIGHT(F18,2),VLOOKUP(LEFT(F18,1),$E$71:$F$82,2),(2+MOD(10-WEEKDAY(DATE(2000+RIGHT(F18,2),VLOOKUP(LEFT(F18,1),$E$71:$F$82,2),1)),7))))+14 -> 47016 | F18: U28 | G18: H29 | I18: =DATE(RIGHT(J18,2)+100, VLOOKUP(LEFT(J18,1), $I$130:$J$141, 2,0), 1) -> 46023 | J18: F26 | K18: K27 | M18: =MOD(VLOOKUP(LEFT(R18,1),$E$71:$G$82,2,0),12)+1 -> 2 | N18: =IF(M18>1, RIGHT(R18,2),RIGHT(R19,2)) -> 26 | O18: =DATE(N18+100, M18, 1) + 14 + MOD(6 - WEEKDAY(DATE(N18+100, M18, 1)), 7) -> 46073 | P18: =O18-30 -> 46043 | Q18: =P17+1 -> 46009 | R18: F26 | S18: M27 | T18: =VLOOKUP(LEFT(S18,1),$E$71:$G$82,3,0)& RIGHT(S18,2) -> Jun27 | V18: 0 | W18: 46877
... A22: =(DATE(2000+RIGHT(B22,2),VLOOKUP(LEFT(B22,1),$A$71:$B$82,2),(2+MOD(10-WEEKDAY(DATE(2000+RIGHT(B22,2),VLOOKUP(LEFT(B22,1),$A$71:$B$82,2),1)),7))))+14 -> 47380 | B22: U29 | C22: H30 | E22: =(DATE(2000+RIGHT(F22,2),VLOOKUP(LEFT(F22,1),$E$71:$F$82,2),(2+MOD(10-WEEKDAY(DATE(2000+RIGHT(F22,2),VLOOKUP(LEFT(F22,1),$E$71:$F$82,2),1)),7))))+14 -> 47380 | F22: U29 | G22: H30 | I22: =DATE(RIGHT(J22,2)+100, VLOOKUP(LEFT(J22,1), $I$130:$J$141, 2,0), 1) -> 46143 | J22: K26 | K22: U27 | M22: =MOD(VLOOKUP(LEFT(R22,1),$E$71:$G$82,2,0),12)+1 -> 6 | N22: =IF(M22>1, RIGHT(R22,2),RIGHT(R23,2)) -> 26 | O22: =DATE(N22+100, M22, 1) + 14 + MOD(6 - WEEKDAY(DATE(N22+100, M22, 1)), 7) -> 46192 | P22: =O22-30 -> 46162 | Q22: =P21+1 -> 46128 | R22: K26 | S22: V27 | T22: =VLOOKUP(LEFT(S22,1),$E$71:$G$82,3,0)& RIGHT(S22,2) -> Oct27 | V22: 0 | W22: 47038
A23: =(DATE(2000+RIGHT(B23,2),VLOOKUP(LEFT(B23,1),$A$71:$B$82,2),(2+MOD(10-WEEKDAY(DATE(2000+RIGHT(B23,2),VLOOKUP(LEFT(B23,1),$A$71:$B$82,2),1)),7))))+14 -> 47471 | B23: Z29 | C23: M30 | E23: =(DATE(2000+RIGHT(F23,2),VLOOKUP(LEFT(F23,1),$E$71:$F$82,2),(2+MOD(10-WEEKDAY(DATE(2000+RIGHT(F23,2),VLOOKUP(LEFT(F23,1),$E$71:$F$82,2),1)),7))))+14 -> 47471 | F23: Z29 | G23: M30 | I23: =DATE(RIGHT(J23,2)+100, VLOOKUP(LEFT(J23,1), $I$130:$J$141, 2,0), 1) -> 46174 | J23: M26 | K23: V27 | M23: =MOD(VLOOKUP(LEFT(R23,1),$E$71:$G$82,2,0),12)+1 -> 7 | N23: =IF(M23>1, RIGHT(R23,2),RIGHT(R24,2)) -> 26 | O23: =DATE(N23+100, M23, 1) + 14 + MOD(6 - WEEKDAY(DATE(N23+100, M23, 1)), 7) -> 46220 | P23: =O23-30 -> 46190 | Q23: =P22+1 -> 46163 | R23: M26 | S23: X27
A24: =(DATE(2000+RIGHT(B24,2),VLOOKUP(LEFT(B24,1),$A$71:$B$82,2),(2+MOD(10-WEEKDAY(DATE(2000+RIGHT(B24,2),VLOOKUP(LEFT(B24,1),$A$71:$B$82,2),1)),7))))+14 -> 47562 | B24: H30 | C24: U30 | E24: =(DATE(2000+RIGHT(F24,2),VLOOKUP(LEFT(F24,1),$E$71:$F$82,2),(2+MOD(10-WEEKDAY(DATE(2000+RIGHT(F24,2),VLOOKUP(LEFT(F24,1),$E$71:$F$82,2),1)),7))))+14 -> 47562 | F24: H30 | G24: U30 | I24: =DATE(RIGHT(J24,2)+100, VLOOKUP(LEFT(J24,1), $I$130:$J$141, 2,0), 1) -> 46204 | J24: N26 | K24: X27 | M24: =MOD(VLOOKUP(LEFT(R24,1),$E$71:$G$82,2,0),12)+1 -> 8 | N24: =IF(M24>1, RIGHT(R24,2),RIGHT(R25,2)) -> 26 | O24: =DATE(N24+100, M24, 1) + 14 + MOD(6 - WEEKDAY(DATE(N24+100, M24, 1)), 7) -> 46255 | P24: =O24-30 -> 46225 | Q24: =P23+1 -> 46191 | R24: N26 | S24: Z27
A25: =(DATE(2000+RIGHT(B25,2),VLOOKUP(LEFT(B25,1),$A$71:$B$82,2),(2+MOD(10-WEEKDAY(DATE(2000+RIGHT(B25,2),VLOOKUP(LEFT(B25,1),$A$71:$B$82,2),1)),7))))+14 -> 47653 | B25: M30 | C25: Z30 | E25: =(DATE(2000+RIGHT(F25,2),VLOOKUP(LEFT(F25,1),$E$71:$F$82,2),(2+MOD(10-WEEKDAY(DATE(2000+RIGHT(F25,2),VLOOKUP(LEFT(F25,1),$E$71:$F$82,2),1)),7))))+14 -> 47653 | F25: M30 | G25: Z30 | I25: =DATE(RIGHT(J25,2)+100, VLOOKUP(LEFT(J25,1), $I$130:$J$141, 2,0), 1) -> 46235 | J25: Q26 | K25: Z27 | M25: =MOD(VLOOKUP(LEFT(R25,1),$E$71:$G$82,2,0),12)+1 -> 9 | N25: =IF(M25>1, RIGHT(R25,2),RIGHT(R26,2)) -> 26 | O25: =DATE(N25+100, M25, 1) + 14 + MOD(6 - WEEKDAY(DATE(N25+100, M25, 1)), 7) -> 46283 | P25: =O25-30 -> 46253 | Q25: =P24+1 -> 46226 | R25: Q26 | S25: F28 | V25: =VLOOKUP(MONTH(V3),$F$71:$H$82,3,0) & MOD(YEAR(V3),100) -> M26 | W25: =VLOOKUP(MONTH(W3),$F$71:$H$82,3,0) & MOD(YEAR(W3),100) -> M26
A26: =(DATE(2000+RIGHT(B26,2),VLOOKUP(LEFT(B26,1),$A$71:$B$82,2),(2+MOD(10-WEEKDAY(DATE(2000+RIGHT(B26,2),VLOOKUP(LEFT(B26,1),$A$71:$B$82,2),1)),7))))+14 -> 47744 | B26: U30 | C26: H31 | E26: =(DATE(2000+RIGHT(F26,2),VLOOKUP(LEFT(F26,1),$E$71:$F$82,2),(2+MOD(10-WEEKDAY(DATE(2000+RIGHT(F26,2),VLOOKUP(LEFT(F26,1),$E$71:$F$82,2),1)),7))))+14 -> 47744 | F26: U30 | G26: H31 | I26: =DATE(RIGHT(J26,2)+100, VLOOKUP(LEFT(J26,1), $I$130:$J$141, 2,0), 1) -> 46266 | J26: U26 | K26: F28 | M26: =MOD(VLOOKUP(LEFT(R26,1),$E$71:$G$82,2,0),12)+1 -> 10 | N26: =IF(M26>1, RIGHT(R26,2),RIGHT(R27,2)) -> 26 | O26: =DATE(N26+100, M26, 1) + 14 + MOD(6 - WEEKDAY(DATE(N26+100, M26, 1)), 7) -> 46311 | P26: =O26-30 -> 46281 | Q26: =P25+1 -> 46254 | R26: U26 | S26: G28 | V26: =VLOOKUP(MONTH(V4),$F$71:$H$82,3,0) & MOD(YEAR(V4),100) -> N26 | W26: =VLOOKUP(MONTH(W4),$F$71:$H$82,3,0) & MOD(YEAR(W4),100) -> N26
A27: =(DATE(2000+RIGHT(B27,2),VLOOKUP(LEFT(B27,1),$A$71:$B$82,2),(2+MOD(10-WEEKDAY(DATE(2000+RIGHT(B27,2),VLOOKUP(LEFT(B27,1),$A$71:$B$82,2),1)),7))))+14 -> 47835 | B27: Z30 | C27: M31 | E27: =(DATE(2000+RIGHT(F27,2),VLOOKUP(LEFT(F27,1),$E$71:$F$82,2),(2+MOD(10-WEEKDAY(DATE(2000+RIGHT(F27,2),VLOOKUP(LEFT(F27,1),$E$71:$F$82,2),1)),7))))+14 -> 47835 | F27: Z30 | G27: M31 | I27: =DATE(RIGHT(J27,2)+100, VLOOKUP(LEFT(J27,1), $I$130:$J$141, 2,0), 1) -> 46296 | J27: V26 | K27: G28 | M27: =MOD(VLOOKUP(LEFT(R27,1),$E$71:$G$82,2,0),12)+1 -> 11 | N27: =IF(M27>1, RIGHT(R27,2),RIGHT(R28,2)) -> 26 | O27: =DATE(N27+100, M27, 1) + 14 + MOD(6 - WEEKDAY(DATE(N27+100, M27, 1)), 7) -> 46346 | P27: =O27-30 -> 46316 | Q27: =P26+1 -> 46282 | R27: V26 | S27: H28 | V27: =VLOOKUP(MONTH(V5),$F$71:$H$82,3,0) & MOD(YEAR(V5),100) -> U26 | W27: =VLOOKUP(MONTH(W5),$F$71:$H$82,3,0) & MOD(YEAR(W5),100) -> U26
A28: =(DATE(2000+RIGHT(B28,2),VLOOKUP(LEFT(B28,1),$A$71:$B$82,2),(2+MOD(10-WEEKDAY(DATE(2000+RIGHT(B28,2),VLOOKUP(LEFT(B28,1),$A$71:$B$82,2),1)),7))))+14 -> 47926 | B28: H31 | C28: U31 | E28: =(DATE(2000+RIGHT(F28,2),VLOOKUP(LEFT(F28,1),$E$71:$F$82,2),(2+MOD(10-WEEKDAY(DATE(2000+RIGHT(F28,2),VLOOKUP(LEFT(F28,1),$E$71:$F$82,2),1)),7))))+14 -> 47926 | F28: H31 | G28: U31 | I28: =DATE(RIGHT(J28,2)+100, VLOOKUP(LEFT(J28,1), $I$130:$J$141, 2,0), 1) -> 46327 | J28: X26 | K28: H28 | M28: =MOD(VLOOKUP(LEFT(R28,1),$E$71:$G$82,2,0),12)+1 -> 12 | N28: =IF(M28>1, RIGHT(R28,2),RIGHT(R29,2)) -> 26 | O28: =DATE(N28+100, M28, 1) + 14 + MOD(6 - WEEKDAY(DATE(N28+100, M28, 1)), 7) -> 46374 | P28: =O28-30 -> 46344 | Q28: =P27+1 -> 46317 | R28: X26 | S28: J28 | V28: =VLOOKUP(MONTH(V6),$F$71:$H$82,3,0) & MOD(YEAR(V6),100) -> X26 | W28: =VLOOKUP(MONTH(W6),$F$71:$H$82,3,0) & MOD(YEAR(W6),100) -> V26
A29: =(DATE(2000+RIGHT(B29,2),VLOOKUP(LEFT(B29,1),$A$71:$B$82,2),(2+MOD(10-WEEKDAY(DATE(2000+RIGHT(B29,2),VLOOKUP(LEFT(B29,1),$A$71:$B$82,2),1)),7))))+14 -> 48017 | B29: M31 | C29: Z31 | E29: =(DATE(2000+RIGHT(F29,2),VLOOKUP(LEFT(F29,1),$E$71:$F$82,2),(2+MOD(10-WEEKDAY(DATE(2000+RIGHT(F29,2),VLOOKUP(LEFT(F29,1),$E$71:$F$82,2),1)),7))))+14 -> 48017 | F29: M31 | G29: Z31 | I29: =DATE(RIGHT(J29,2)+100, VLOOKUP(LEFT(J29,1), $I$130:$J$141, 2,0), 1) -> 46357 | J29: Z26 | K29: J28 | M29: =MOD(VLOOKUP(LEFT(R29,1),$E$71:$G$82,2,0),12)+1 -> 1 | N29: =IF(M29>1, RIGHT(R29,2),RIGHT(R30,2)) -> 27 | O29: =DATE(N29+100, M29, 1) + 14 + MOD(6 - WEEKDAY(DATE(N29+100, M29, 1)), 7) -> 46402 | P29: =O29-30 -> 46372 | Q29: =P28+1 -> 46345 | R29: Z26 | S29: K28 | V29: =VLOOKUP(MONTH(V7),$F$71:$H$82,3,0) & MOD(YEAR(V7),100) -> Z26 | W29: =VLOOKUP(MONTH(W7),$F$71:$H$82,3,0) & MOD(YEAR(W7),100) -> Z26
A30: =(DATE(2000+RIGHT(B30,2),VLOOKUP(LEFT(B30,1),$A$71:$B$82,2),(2+MOD(10-WEEKDAY(DATE(2000+RIGHT(B30,2),VLOOKUP(LEFT(B30,1),$A$71:$B$82,2),1)),7))))+14 -> 48108 | B30: U31 | C30: H32 | E30: =(DATE(2000+RIGHT(F30,2),VLOOKUP(LEFT(F30,1),$E$71:$F$82,2),(2+MOD(10-WEEKDAY(DATE(2000+RIGHT(F30,2),VLOOKUP(LEFT(F30,1),$E$71:$F$82,2),1)),7))))+14 -> 48108 | F30: U31 | G30: H32 | I30: =DATE(RIGHT(J30,2)+100, VLOOKUP(LEFT(J30,1), $I$130:$J$141, 2,0), 1) -> 46388 | J30: F27 | K30: K28 | M30: =MOD(VLOOKUP(LEFT(R30,1),$E$71:$G$82,2,0),12)+1 -> 2 | N30: =IF(M30>1, RIGHT(R30,2),RIGHT(R31,2)) -> 27 | O30: =DATE(N30+100, M30, 1) + 14 + MOD(6 - WEEKDAY(DATE(N30+100, M30, 1)), 7) -> 46437 | P30: =O30-30 -> 46407 | Q30: =P29+1 -> 46373 | R30: F27 | S30: M28 | V30: =VLOOKUP(MONTH(V8),$F$71:$H$82,3,0) & MOD(YEAR(V8),100) -> G27 | W30: =VLOOKUP(MONTH(W8),$F$71:$H$82,3,0) & MOD(YEAR(W8),100) -> G27
A31: =(DATE(2000+RIGHT(B31,2),VLOOKUP(LEFT(B31,1),$A$71:$B$82,2),(2+MOD(10-WEEKDAY(DATE(2000+RIGHT(B31,2),VLOOKUP(LEFT(B31,1),$A$71:$B$82,2),1)),7))))+14 -> 48199 | B31: Z31 | C31: M32 | E31: =(DATE(2000+RIGHT(F31,2),VLOOKUP(LEFT(F31,1),$E$71:$F$82,2),(2+MOD(10-WEEKDAY(DATE(2000+RIGHT(F31,2),VLOOKUP(LEFT(F31,1),$E$71:$F$82,2),1)),7))))+14 -> 48199 | F31: Z31 | G31: M32 | I31: =DATE(RIGHT(J31,2)+100, VLOOKUP(LEFT(J31,1), $I$130:$J$141, 2,0), 1) -> 46419 | J31: G27 | K31: M28 | M31: =MOD(VLOOKUP(LEFT(R31,1),$E$71:$G$82,2,0),12)+1 -> 3 | N31: =IF(M31>1, RIGHT(R31,2),RIGHT(R32,2)) -> 27 | O31: =DATE(N31+100, M31, 1) + 14 + MOD(6 - WEEKDAY(DATE(N31+100, M31, 1)), 7) -> 46465 | P31: =O31-30 -> 46435 | Q31: =P30+1 -> 46408 | R31: G27 | S31: N28 | V31: =VLOOKUP(MONTH(V9),$F$71:$H$82,3,0) & MOD(YEAR(V9),100) -> H27 | W31: =VLOOKUP(MONTH(W9),$F$71:$H$82,3,0) & MOD(YEAR(W9),100) -> H27
A32: =(DATE(2000+RIGHT(B32,2),VLOOKUP(LEFT(B32,1),$A$71:$B$82,2),(2+MOD(10-WEEKDAY(DATE(2000+RIGHT(B32,2),VLOOKUP(LEFT(B32,1),$A$71:$B$82,2),1)),7))))+14 -> 48290 | B32: H32 | C32: U32 | E32: =(DATE(2000+RIGHT(F32,2),VLOOKUP(LEFT(F32,1),$E$71:$F$82,2),(2+MOD(10-WEEKDAY(DATE(2000+RIGHT(F32,2),VLOOKUP(LEFT(F32,1),$E$71:$F$82,2),1)),7))))+14 -> 48290 | F32: H32 | G32: U32 | I32: =DATE(RIGHT(J32,2)+100, VLOOKUP(LEFT(J32,1), $I$130:$J$141, 2,0), 1) -> 46447 | J32: H27 | K32: N28 | M32: =MOD(VLOOKUP(LEFT(R32,1),$E$71:$G$82,2,0),12)+1 -> 4 | N32: =IF(M32>1, RIGHT(R32,2),RIGHT(R33,2)) -> 27 | O32: =DATE(N32+100, M32, 1) + 14 + MOD(6 - WEEKDAY(DATE(N32+100, M32, 1)), 7) -> 46493 | P32: =O32-30 -> 46463 | Q32: =P31+1 -> 46436 | R32: H27 | S32: Q28 | V32: =VLOOKUP(MONTH(V10),$F$71:$H$82,3,0) & MOD(YEAR(V10),100) -> J27 | W32: =VLOOKUP(MONTH(W10),$F$71:$H$82,3,0) & MOD(YEAR(W10),100) -> J27
A33: =(DATE(2000+RIGHT(B33,2),VLOOKUP(LEFT(B33,1),$A$71:$B$82,2),(2+MOD(10-WEEKDAY(DATE(2000+RIGHT(B33,2),VLOOKUP(LEFT(B33,1),$A$71:$B$82,2),1)),7))))+14 -> 48381 | B33: M32 | C33: Z32 | E33: =(DATE(2000+RIGHT(F33,2),VLOOKUP(LEFT(F33,1),$E$71:$F$82,2),(2+MOD(10-WEEKDAY(DATE(2000+RIGHT(F33,2),VLOOKUP(LEFT(F33,1),$E$71:$F$82,2),1)),7))))+14 -> 48381 | F33: M32 | G33: Z32 | I33: =DATE(RIGHT(J33,2)+100, VLOOKUP(LEFT(J33,1), $I$130:$J$141, 2,0), 1) -> 46478 | J33: J27 | K33: Q28 | M33: =MOD(VLOOKUP(LEFT(R33,1),$E$71:$G$82,2,0),12)+1 -> 5 | N33: =IF(M33>1, RIGHT(R33,2),RIGHT(R34,2)) -> 27 | O33: =DATE(N33+100, M33, 1) + 14 + MOD(6 - WEEKDAY(DATE(N33+100, M33, 1)), 7) -> 46528 | P33: =O33-30 -> 46498 | Q33: =P32+1 -> 46464 | R33: J27 | S33: U28 | V33: =VLOOKUP(MONTH(V11),$F$71:$H$82,3,0) & MOD(YEAR(V11),100) -> M27 | W33: =VLOOKUP(MONTH(W11),$F$71:$H$82,3,0) & MOD(YEAR(W11),100) -> M27
A34: =(DATE(2000+RIGHT(B34,2),VLOOKUP(LEFT(B34,1),$A$71:$B$82,2),(2+MOD(10-WEEKDAY(DATE(2000+RIGHT(B34,2),VLOOKUP(LEFT(B34,1),$A$71:$B$82,2),1)),7))))+14 -> 48479 | B34: U32 | C34: H33 | E34: =(DATE(2000+RIGHT(F34,2),VLOOKUP(LEFT(F34,1),$E$71:$F$82,2),(2+MOD(10-WEEKDAY(DATE(2000+RIGHT(F34,2),VLOOKUP(LEFT(F34,1),$E$71:$F$82,2),1)),7))))+14 -> 48479 | F34: U32 | G34: H33 | I34: =DATE(RIGHT(J34,2)+100, VLOOKUP(LEFT(J34,1), $I$130:$J$141, 2,0), 1) -> 46508 | J34: K27 | K34: U28 | M34: =MOD(VLOOKUP(LEFT(R34,1),$E$71:$G$82,2,0),12)+1 -> 6 | N34: =IF(M34>1, RIGHT(R34,2),RIGHT(R35,2)) -> 27 | O34: =DATE(N34+100, M34, 1) + 14 + MOD(6 - WEEKDAY(DATE(N34+100, M34, 1)), 7) -> 46556 | P34: =O34-30 -> 46526 | Q34: =P33+1 -> 46499 | R34: K27 | S34: V28 | V34: =VLOOKUP(MONTH(V12),$F$71:$H$82,3,0) & MOD(YEAR(V12),100) -> N27 | W34: =VLOOKUP(MONTH(W12),$F$71:$H$82,3,0) & MOD(YEAR(W12),100) -> N26
A35: =(DATE(2000+RIGHT(B35,2),VLOOKUP(LEFT(B35,1),$A$71:$B$82,2),(2+MOD(10-WEEKDAY(DATE(2000+RIGHT(B35,2),VLOOKUP(LEFT(B35,1),$A$71:$B$82,2),1)),7))))+14 -> 48570 | B35: Z32 | C35: M33 | E35: =(DATE(2000+RIGHT(F35,2),VLOOKUP(LEFT(F35,1),$E$71:$F$82,2),(2+MOD(10-WEEKDAY(DATE(2000+RIGHT(F35,2),VLOOKUP(LEFT(F35,1),$E$71:$F$82,2),1)),7))))+14 -> 48570 | F35: Z32 | G35: M33 | I35: =DATE(RIGHT(J35,2)+100, VLOOKUP(LEFT(J35,1), $I$130:$J$141, 2,0), 1) -> 46539 | J35: M27 | K35: V28 | M35: =MOD(VLOOKUP(LEFT(R35,1),$E$71:$G$82,2,0),12)+1 -> 7 | N35: =IF(M35>1, RIGHT(R35,2),RIGHT(R36,2)) -> 27 | O35: =DATE(N35+100, M35, 1) + 14 + MOD(6 - WEEKDAY(DATE(N35+100, M35, 1)), 7) -> 46584 | P35: =O35-30 -> 46554 | Q35: =P34+1 -> 46527 | R35: M27 | S35: X28 | V35: =VLOOKUP(MONTH(V13),$F$71:$H$82,3,0) & MOD(YEAR(V13),100) -> U27 | W35: =VLOOKUP(MONTH(W13),$F$71:$H$82,3,0) & MOD(YEAR(W13),100) -> U27
A36: =(DATE(2000+RIGHT(B36,2),VLOOKUP(LEFT(B36,1),$A$71:$B$82,2),(2+MOD(10-WEEKDAY(DATE(2000+RIGHT(B36,2),VLOOKUP(LEFT(B36,1),$A$71:$B$82,2),1)),7))))+14 -> 48654 | B36: H33 | C36: U33 | E36: =(DATE(2000+RIGHT(F36,2),VLOOKUP(LEFT(F36,1),$E$71:$F$82,2),(2+MOD(10-WEEKDAY(DATE(2000+RIGHT(F36,2),VLOOKUP(LEFT(F36,1),$E$71:$F$82,2),1)),7))))+14 -> 48654 | F36: H33 | G36: U33 | I36: =DATE(RIGHT(J36,2)+100, VLOOKUP(LEFT(J36,1), $I$130:$J$141, 2,0), 1) -> 46569 | J36: N27 | K36: X28 | M36: =MOD(VLOOKUP(LEFT(R36,1),$E$71:$G$82,2,0),12)+1 -> 8 | N36: =IF(M36>1, RIGHT(R36,2),RIGHT(R37,2)) -> 27 | O36: =DATE(N36+100, M36, 1) + 14 + MOD(6 - WEEKDAY(DATE(N36+100, M36, 1)), 7) -> 46619 | P36: =O36-30 -> 46589 | Q36: =P35+1 -> 46555 | R36: N27 | S36: Z28 | V36: =VLOOKUP(MONTH(V14),$F$71:$H$82,3,0) & MOD(YEAR(V14),100) -> X27 | W36: =VLOOKUP(MONTH(W14),$F$71:$H$82,3,0) & MOD(YEAR(W14),100) -> V27
... A44: =(DATE(2000+RIGHT(B44,2),VLOOKUP(LEFT(B44,1),$A$71:$B$82,2),(2+MOD(10-WEEKDAY(DATE(2000+RIGHT(B44,2),VLOOKUP(LEFT(B44,1),$A$71:$B$82,2),1)),7))))+14 -> 49389 | B44: H35 | C44: U35 | E44: =(DATE(2000+RIGHT(F44,2),VLOOKUP(LEFT(F44,1),$E$71:$F$82,2),(2+MOD(10-WEEKDAY(DATE(2000+RIGHT(F44,2),VLOOKUP(LEFT(F44,1),$E$71:$F$82,2),1)),7))))+14 -> 49389 | F44: H35 | G44: U35 | I44: =DATE(RIGHT(J44,2)+100, VLOOKUP(LEFT(J44,1), $I$130:$J$141, 2,0), 1) -> 46813 | J44: H28 | K44: N29 | M44: =MOD(VLOOKUP(LEFT(R44,1),$E$71:$G$82,2,0),12)+1 -> 4 | N44: =IF(M44>1, RIGHT(R44,2),RIGHT(R45,2)) -> 28 | O44: =DATE(N44+100, M44, 1) + 14 + MOD(6 - WEEKDAY(DATE(N44+100, M44, 1)), 7) -> 46864 | P44: =O44-30 -> 46834 | Q44: =P43+1 -> 46800 | R44: H28 | S44: Q29 | V44: =VLOOKUP(MONTH(V22),$F$71:$H$82,3,0) & MOD(YEAR(V22),100) -> F0 | W44: =VLOOKUP(MONTH(W22),$F$71:$H$82,3,0) & MOD(YEAR(W22),100) -> V28
A45: =(DATE(2000+RIGHT(B45,2),VLOOKUP(LEFT(B45,1),$A$71:$B$82,2),(2+MOD(10-WEEKDAY(DATE(2000+RIGHT(B45,2),VLOOKUP(LEFT(B45,1),$A$71:$B$82,2),1)),7))))+14 -> 49480 | B45: M35 | C45: Z35 | E45: =(DATE(2000+RIGHT(F45,2),VLOOKUP(LEFT(F45,1),$E$71:$F$82,2),(2+MOD(10-WEEKDAY(DATE(2000+RIGHT(F45,2),VLOOKUP(LEFT(F45,1),$E$71:$F$82,2),1)),7))))+14 -> 49480 | F45: M35 | G45: Z35 | I45: =DATE(RIGHT(J45,2)+100, VLOOKUP(LEFT(J45,1), $I$130:$J$141, 2,0), 1) -> 46844 | J45: J28 | K45: Q29 | M45: =MOD(VLOOKUP(LEFT(R45,1),$E$71:$G$82,2,0),12)+1 -> 5 | N45: =IF(M45>1, RIGHT(R45,2),RIGHT(R46,2)) -> 28 | O45: =DATE(N45+100, M45, 1) + 14 + MOD(6 - WEEKDAY(DATE(N45+100, M45, 1)), 7) -> 46892 | P45: =O45-30 -> 46862 | Q45: =P44+1 -> 46835 | R45: J28 | S45: U29
A46: =(DATE(2000+RIGHT(B46,2),VLOOKUP(LEFT(B46,1),$A$71:$B$82,2),(2+MOD(10-WEEKDAY(DATE(2000+RIGHT(B46,2),VLOOKUP(LEFT(B46,1),$A$71:$B$82,2),1)),7))))+14 -> 49571 | B46: U35 | C46: H36 | E46: =(DATE(2000+RIGHT(F46,2),VLOOKUP(LEFT(F46,1),$E$71:$F$82,2),(2+MOD(10-WEEKDAY(DATE(2000+RIGHT(F46,2),VLOOKUP(LEFT(F46,1),$E$71:$F$82,2),1)),7))))+14 -> 49571 | F46: U35 | G46: H36 | I46: =DATE(RIGHT(J46,2)+100, VLOOKUP(LEFT(J46,1), $I$130:$J$141, 2,0), 1) -> 46874 | J46: K28 | K46: U29 | M46: =MOD(VLOOKUP(LEFT(R46,1),$E$71:$G$82,2,0),12)+1 -> 6 | N46: =IF(M46>1, RIGHT(R46,2),RIGHT(R47,2)) -> 28 | O46: =DATE(N46+100, M46, 1) + 14 + MOD(6 - WEEKDAY(DATE(N46+100, M46, 1)), 7) -> 46920 | P46: =O46-30 -> 46890 | Q46: =P45+1 -> 46863 | R46: K28 | S46: V29
A47: =(DATE(2000+RIGHT(B47,2),VLOOKUP(LEFT(B47,1),$A$71:$B$82,2),(2+MOD(10-WEEKDAY(DATE(2000+RIGHT(B47,2),VLOOKUP(LEFT(B47,1),$A$71:$B$82,2),1)),7))))+14 -> 49662 | B47: Z35 | C47: M36 | E47: =(DATE(2000+RIGHT(F47,2),VLOOKUP(LEFT(F47,1),$E$71:$F$82,2),(2+MOD(10-WEEKDAY(DATE(2000+RIGHT(F47,2),VLOOKUP(LEFT(F47,1),$E$71:$F$82,2),1)),7))))+14 -> 49662 | F47: Z35 | G47: M36 | I47: =DATE(RIGHT(J47,2)+100, VLOOKUP(LEFT(J47,1), $I$130:$J$141, 2,0), 1) -> 46905 | J47: M28 | K47: V29 | M47: =MOD(VLOOKUP(LEFT(R47,1),$E$71:$G$82,2,0),12)+1 -> 7 | N47: =IF(M47>1, RIGHT(R47,2),RIGHT(R48,2)) -> 28 | O47: =DATE(N47+100, M47, 1) + 14 + MOD(6 - WEEKDAY(DATE(N47+100, M47, 1)), 7) -> 46955 | P47: =O47-30 -> 46925 | Q47: =P46+1 -> 46891 | R47: M28 | S47: X29
A48: =(DATE(2000+RIGHT(B48,2),VLOOKUP(LEFT(B48,1),$A$71:$B$82,2),(2+MOD(10-WEEKDAY(DATE(2000+RIGHT(B48,2),VLOOKUP(LEFT(B48,1),$A$71:$B$82,2),1)),7))))+14 -> 49753 | B48: H36 | C48: U36 | E48: =(DATE(2000+RIGHT(F48,2),VLOOKUP(LEFT(F48,1),$E$71:$F$82,2),(2+MOD(10-WEEKDAY(DATE(2000+RIGHT(F48,2),VLOOKUP(LEFT(F48,1),$E$71:$F$82,2),1)),7))))+14 -> 49753 | F48: H36 | G48: U36 | I48: =DATE(RIGHT(J48,2)+100, VLOOKUP(LEFT(J48,1), $I$130:$J$141, 2,0), 1) -> 46935 | J48: N28 | K48: X29 | M48: =MOD(VLOOKUP(LEFT(R48,1),$E$71:$G$82,2,0),12)+1 -> 8 | N48: =IF(M48>1, RIGHT(R48,2),RIGHT(R49,2)) -> 28 | O48: =DATE(N48+100, M48, 1) + 14 + MOD(6 - WEEKDAY(DATE(N48+100, M48, 1)), 7) -> 46983 | P48: =O48-30 -> 46953 | Q48: =P47+1 -> 46926 | R48: N28 | S48: Z29
A49: =(DATE(2000+RIGHT(B49,2),VLOOKUP(LEFT(B49,1),$A$71:$B$82,2),(2+MOD(10-WEEKDAY(DATE(2000+RIGHT(B49,2),VLOOKUP(LEFT(B49,1),$A$71:$B$82,2),1)),7))))+14 -> 49844 | B49: M36 | C49: Z36 | E49: =(DATE(2000+RIGHT(F49,2),VLOOKUP(LEFT(F49,1),$E$71:$F$82,2),(2+MOD(10-WEEKDAY(DATE(2000+RIGHT(F49,2),VLOOKUP(LEFT(F49,1),$E$71:$F$82,2),1)),7))))+14 -> 49844 | F49: M36 | G49: Z36 | I49: =DATE(RIGHT(J49,2)+100, VLOOKUP(LEFT(J49,1), $I$130:$J$141, 2,0), 1) -> 46966 | J49: Q28 | K49: Z29 | M49: =MOD(VLOOKUP(LEFT(R49,1),$E$71:$G$82,2,0),12)+1 -> 9 | N49: =IF(M49>1, RIGHT(R49,2),RIGHT(R50,2)) -> 28 | O49: =DATE(N49+100, M49, 1) + 14 + MOD(6 - WEEKDAY(DATE(N49+100, M49, 1)), 7) -> 47011 | P49: =O49-30 -> 46981 | Q49: =P48+1 -> 46954 | R49: Q28 | S49: F30
A50: =(DATE(2000+RIGHT(B50,2),VLOOKUP(LEFT(B50,1),$A$71:$B$82,2),(2+MOD(10-WEEKDAY(DATE(2000+RIGHT(B50,2),VLOOKUP(LEFT(B50,1),$A$71:$B$82,2),1)),7))))+14 -> 49935 | B50: U36 | C50: H37 | E50: =(DATE(2000+RIGHT(F50,2),VLOOKUP(LEFT(F50,1),$E$71:$F$82,2),(2+MOD(10-WEEKDAY(DATE(2000+RIGHT(F50,2),VLOOKUP(LEFT(F50,1),$E$71:$F$82,2),1)),7))))+14 -> 49935 | F50: U36 | G50: H37 | I50: =DATE(RIGHT(J50,2)+100, VLOOKUP(LEFT(J50,1), $I$130:$J$141, 2,0), 1) -> 46997 | J50: U28 | K50: F30 | M50: =MOD(VLOOKUP(LEFT(R50,1),$E$71:$G$82,2,0),12)+1 -> 10 | N50: =IF(M50>1, RIGHT(R50,2),RIGHT(R51,2)) -> 28 | O50: =DATE(N50+100, M50, 1) + 14 + MOD(6 - WEEKDAY(DATE(N50+100, M50, 1)), 7) -> 47046 | P50: =O50-30 -> 47016 | Q50: =P49+1 -> 46982 | R50: U28 | S50: G30
A51: =(DATE(2000+RIGHT(B51,2),VLOOKUP(LEFT(B51,1),$A$71:$B$82,2),(2+MOD(10-WEEKDAY(DATE(2000+RIGHT(B51,2),VLOOKUP(LEFT(B51,1),$A$71:$B$82,2),1)),7))))+14 -> 50026 | B51: Z36 | C51: M37 | E51: =(DATE(2000+RIGHT(F51,2),VLOOKUP(LEFT(F51,1),$E$71:$F$82,2),(2+MOD(10-WEEKDAY(DATE(2000+RIGHT(F51,2),VLOOKUP(LEFT(F51,1),$E$71:$F$82,2),1)),7))))+14 -> 50026 | F51: Z36 | G51: M37 | I51: =DATE(RIGHT(J51,2)+100, VLOOKUP(LEFT(J51,1), $I$130:$J$141, 2,0), 1) -> 47027 | J51: V28 | K51: G30 | M51: =MOD(VLOOKUP(LEFT(R51,1),$E$71:$G$82,2,0),12)+1 -> 11 | N51: =IF(M51>1, RIGHT(R51,2),RIGHT(R52,2)) -> 28 | O51: =DATE(N51+100, M51, 1) + 14 + MOD(6 - WEEKDAY(DATE(N51+100, M51, 1)), 7) -> 47074 | P51: =O51-30 -> 47044 | Q51: =P50+1 -> 47017 | R51: V28 | S51: H30
A52: =(DATE(2000+RIGHT(B52,2),VLOOKUP(LEFT(B52,1),$A$71:$B$82,2),(2+MOD(10-WEEKDAY(DATE(2000+RIGHT(B52,2),VLOOKUP(LEFT(B52,1),$A$71:$B$82,2),1)),7))))+14 -> 50117 | B52: H37 | C52: U37 | E52: =(DATE(2000+RIGHT(F52,2),VLOOKUP(LEFT(F52,1),$E$71:$F$82,2),(2+MOD(10-WEEKDAY(DATE(2000+RIGHT(F52,2),VLOOKUP(LEFT(F52,1),$E$71:$F$82,2),1)),7))))+14 -> 50117 | F52: H37 | G52: U37 | I52: =DATE(RIGHT(J52,2)+100, VLOOKUP(LEFT(J52,1), $I$130:$J$141, 2,0), 1) -> 47058 | J52: X28 | K52: H30 | M52: =MOD(VLOOKUP(LEFT(R52,1),$E$71:$G$82,2,0),12)+1 -> 12 | N52: =IF(M52>1, RIGHT(R52,2),RIGHT(R53,2)) -> 28 | O52: =DATE(N52+100, M52, 1) + 14 + MOD(6 - WEEKDAY(DATE(N52+100, M52, 1)), 7) -> 47102 | P52: =O52-30 -> 47072 | Q52: =P51+1 -> 47045 | R52: X28 | S52: J30
A53: =(DATE(2000+RIGHT(B53,2),VLOOKUP(LEFT(B53,1),$A$71:$B$82,2),(2+MOD(10-WEEKDAY(DATE(2000+RIGHT(B53,2),VLOOKUP(LEFT(B53,1),$A$71:$B$82,2),1)),7))))+14 -> 50208 | B53: M37 | C53: Z37 | E53: =(DATE(2000+RIGHT(F53,2),VLOOKUP(LEFT(F53,1),$E$71:$F$82,2),(2+MOD(10-WEEKDAY(DATE(2000+RIGHT(F53,2),VLOOKUP(LEFT(F53,1),$E$71:$F$82,2),1)),7))))+14 -> 50208 | F53: M37 | G53: Z37 | I53: =DATE(RIGHT(J53,2)+100, VLOOKUP(LEFT(J53,1), $I$130:$J$141, 2,0), 1) -> 47088 | J53: Z28 | K53: J30 | M53: =MOD(VLOOKUP(LEFT(R53,1),$E$71:$G$82,2,0),12)+1 -> 1 | N53: =IF(M53>1, RIGHT(R53,2),RIGHT(R54,2)) -> 29 | O53: =DATE(N53+100, M53, 1) + 14 + MOD(6 - WEEKDAY(DATE(N53+100, M53, 1)), 7) -> 47137 | P53: =O53-30 -> 47107 | Q53: =P52+1 -> 47073 | R53: Z28 | S53: K30
A54: =(DATE(2000+RIGHT(B54,2),VLOOKUP(LEFT(B54,1),$A$71:$B$82,2),(2+MOD(10-WEEKDAY(DATE(2000+RIGHT(B54,2),VLOOKUP(LEFT(B54,1),$A$71:$B$82,2),1)),7))))+14 -> 50299 | B54: U37 | C54: H39 | E54: =(DATE(2000+RIGHT(F54,2),VLOOKUP(LEFT(F54,1),$E$71:$F$82,2),(2+MOD(10-WEEKDAY(DATE(2000+RIGHT(F54,2),VLOOKUP(LEFT(F54,1),$E$71:$F$82,2),1)),7))))+14 -> 50299 | F54: U37 | G54: H39 | I54: =DATE(RIGHT(J54,2)+100, VLOOKUP(LEFT(J54,1), $I$130:$J$141, 2,0), 1) -> 47119 | J54: F29 | K54: K30 | M54: =MOD(VLOOKUP(LEFT(R54,1),$E$71:$G$82,2,0),12)+1 -> 2 | N54: =IF(M54>1, RIGHT(R54,2),RIGHT(R55,2)) -> 29 | O54: =DATE(N54+100, M54, 1) + 14 + MOD(6 - WEEKDAY(DATE(N54+100, M54, 1)), 7) -> 47165 | P54: =O54-30 -> 47135 | Q54: =P53+1 -> 47108 | R54: F29 | S54: M30
A55: =(DATE(2000+RIGHT(B55,2),VLOOKUP(LEFT(B55,1),$A$71:$B$82,2),(2+MOD(10-WEEKDAY(DATE(2000+RIGHT(B55,2),VLOOKUP(LEFT(B55,1),$A$71:$B$82,2),1)),7))))+14 -> 50390 | B55: Z37 | C55: M39 | E55: =(DATE(2000+RIGHT(F55,2),VLOOKUP(LEFT(F55,1),$E$71:$F$82,2),(2+MOD(10-WEEKDAY(DATE(2000+RIGHT(F55,2),VLOOKUP(LEFT(F55,1),$E$71:$F$82,2),1)),7))))+14 -> 50390 | F55: Z37 | G55: M39 | I55: =DATE(RIGHT(J55,2)+100, VLOOKUP(LEFT(J55,1), $I$130:$J$141, 2,0), 1) -> 47150 | J55: G29 | K55: M30 | M55: =MOD(VLOOKUP(LEFT(R55,1),$E$71:$G$82,2,0),12)+1 -> 3 | N55: =IF(M55>1, RIGHT(R55,2),RIGHT(R56,2)) -> 29 | O55: =DATE(N55+100, M55, 1) + 14 + MOD(6 - WEEKDAY(DATE(N55+100, M55, 1)), 7) -> 47193 | P55: =O55-30 -> 47163 | Q55: =P54+1 -> 47136 | R55: G29 | S55: N30
A56: =(DATE(2000+RIGHT(B56,2),VLOOKUP(LEFT(B56,1),$A$71:$B$82,2),(2+MOD(10-WEEKDAY(DATE(2000+RIGHT(B56,2),VLOOKUP(LEFT(B56,1),$A$71:$B$82,2),1)),7))))+14 -> 50845 | B56: H39 | C56: U39 | E56: =(DATE(2000+RIGHT(F56,2),VLOOKUP(LEFT(F56,1),$E$71:$F$82,2),(2+MOD(10-WEEKDAY(DATE(2000+RIGHT(F56,2),VLOOKUP(LEFT(F56,1),$E$71:$F$82,2),1)),7))))+14 -> 50845 | F56: H39 | G56: U39 | I56: =DATE(RIGHT(J56,2)+100, VLOOKUP(LEFT(J56,1), $I$130:$J$141, 2,0), 1) -> 47178 | J56: H29 | K56: N30 | M56: =MOD(VLOOKUP(LEFT(R56,1),$E$71:$G$82,2,0),12)+1 -> 4 | N56: =IF(M56>1, RIGHT(R56,2),RIGHT(R57,2)) -> 29 | O56: =DATE(N56+100, M56, 1) + 14 + MOD(6 - WEEKDAY(DATE(N56+100, M56, 1)), 7) -> 47228 | P56: =O56-30 -> 47198 | Q56: =P55+1 -> 47164 | R56: H29 | S56: Q30
... A61: =(DATE(2000+RIGHT(B61,2),VLOOKUP(LEFT(B61,1),$A$71:$B$82,2),(2+MOD(10-WEEKDAY(DATE(2000+RIGHT(B61,2),VLOOKUP(LEFT(B61,1),$A$71:$B$82,2),1)),7))))+14 -> 51307 | B61: M40 | C61: Z40 | E61: =(DATE(2000+RIGHT(F61,2),VLOOKUP(LEFT(F61,1),$E$71:$F$82,2),(2+MOD(10-WEEKDAY(DATE(2000+RIGHT(F61,2),VLOOKUP(LEFT(F61,1),$E$71:$F$82,2),1)),7))))+14 -> 51307 | F61: M40 | G61: Z40 | I61: =DATE(RIGHT(J61,2)+100, VLOOKUP(LEFT(J61,1), $I$130:$J$141, 2,0), 1) -> 47331 | J61: Q29 | K61: Z30 | M61: =MOD(VLOOKUP(LEFT(R61,1),$E$71:$G$82,2,0),12)+1 -> 9 | N61: =IF(M61>1, RIGHT(R61,2),RIGHT(R62,2)) -> 29 | O61: =DATE(N61+100, M61, 1) + 14 + MOD(6 - WEEKDAY(DATE(N61+100, M61, 1)), 7) -> 47382 | P61: =O61-30 -> 47352 | Q61: =P60+1 -> 47318 | R61: Q29 | S61: F31
A62: =(DATE(2000+RIGHT(B62,2),VLOOKUP(LEFT(B62,1),$A$71:$B$82,2),(2+MOD(10-WEEKDAY(DATE(2000+RIGHT(B62,2),VLOOKUP(LEFT(B62,1),$A$71:$B$82,2),1)),7))))+14 -> 51398 | B62: U40 | E62: =(DATE(2000+RIGHT(F62,2),VLOOKUP(LEFT(F62,1),$E$71:$F$82,2),(2+MOD(10-WEEKDAY(DATE(2000+RIGHT(F62,2),VLOOKUP(LEFT(F62,1),$E$71:$F$82,2),1)),7))))+14 -> 51398 | F62: U40 | I62: =DATE(RIGHT(J62,2)+100, VLOOKUP(LEFT(J62,1), $I$130:$J$141, 2,0), 1) -> 47362 | J62: U29 | K62: F31 | M62: =MOD(VLOOKUP(LEFT(R62,1),$E$71:$G$82,2,0),12)+1 -> 10 | N62: =IF(M62>1, RIGHT(R62,2),RIGHT(R63,2)) -> 29 | O62: =DATE(N62+100, M62, 1) + 14 + MOD(6 - WEEKDAY(DATE(N62+100, M62, 1)), 7) -> 47410 | P62: =O62-30 -> 47380 | Q62: =P61+1 -> 47353 | R62: U29 | S62: G31
A63: =(DATE(2000+RIGHT(B63,2),VLOOKUP(LEFT(B63,1),$A$71:$B$82,2),(2+MOD(10-WEEKDAY(DATE(2000+RIGHT(B63,2),VLOOKUP(LEFT(B63,1),$A$71:$B$82,2),1)),7))))+14 -> 51489 | B63: Z40 | E63: =(DATE(2000+RIGHT(F63,2),VLOOKUP(LEFT(F63,1),$E$71:$F$82,2),(2+MOD(10-WEEKDAY(DATE(2000+RIGHT(F63,2),VLOOKUP(LEFT(F63,1),$E$71:$F$82,2),1)),7))))+14 -> 51489 | F63: Z40 | I63: =DATE(RIGHT(J63,2)+100, VLOOKUP(LEFT(J63,1), $I$130:$J$141, 2,0), 1) -> 47392 | J63: V29 | K63: G31 | M63: =MOD(VLOOKUP(LEFT(R63,1),$E$71:$G$82,2,0),12)+1 -> 11 | N63: =IF(M63>1, RIGHT(R63,2),RIGHT(R64,2)) -> 29 | O63: =DATE(N63+100, M63, 1) + 14 + MOD(6 - WEEKDAY(DATE(N63+100, M63, 1)), 7) -> 47438 | P63: =O63-30 -> 47408 | Q63: =P62+1 -> 47381 | R63: V29 | S63: H31
I64: =DATE(RIGHT(J64,2)+100, VLOOKUP(LEFT(J64,1), $I$130:$J$141, 2,0), 1) -> 47423 | J64: X29 | K64: H31 | M64: =MOD(VLOOKUP(LEFT(R64,1),$E$71:$G$82,2,0),12)+1 -> 12 | N64: =IF(M64>1, RIGHT(R64,2),RIGHT(R65,2)) -> 29 | O64: =DATE(N64+100, M64, 1) + 14 + MOD(6 - WEEKDAY(DATE(N64+100, M64, 1)), 7) -> 47473 | P64: =O64-30 -> 47443 | Q64: =P63+1 -> 47409 | R64: X29 | S64: J31
I65: =DATE(RIGHT(J65,2)+100, VLOOKUP(LEFT(J65,1), $I$130:$J$141, 2,0), 1) -> 47453 | J65: Z29 | K65: J31 | M65: =MOD(VLOOKUP(LEFT(R65,1),$E$71:$G$82,2,0),12)+1 -> 1 | N65: =IF(M65>1, RIGHT(R65,2),RIGHT(R66,2)) -> 30 | O65: =DATE(N65+100, M65, 1) + 14 + MOD(6 - WEEKDAY(DATE(N65+100, M65, 1)), 7) -> 47501 | P65: =O65-30 -> 47471 | Q65: =P64+1 -> 47444 | R65: Z29 | S65: K31
I66: =DATE(RIGHT(J66,2)+100, VLOOKUP(LEFT(J66,1), $I$130:$J$141, 2,0), 1) -> 47484 | J66: F30 | K66: K31 | M66: =MOD(VLOOKUP(LEFT(R66,1),$E$71:$G$82,2,0),12)+1 -> 2 | N66: =IF(M66>1, RIGHT(R66,2),RIGHT(R67,2)) -> 30 | O66: =DATE(N66+100, M66, 1) + 14 + MOD(6 - WEEKDAY(DATE(N66+100, M66, 1)), 7) -> 47529 | P66: =O66-30 -> 47499 | Q66: =P65+1 -> 47472 | R66: F30 | S66: M31
I67: =DATE(RIGHT(J67,2)+100, VLOOKUP(LEFT(J67,1), $I$130:$J$141, 2,0), 1) -> 47515 | J67: G30 | K67: M31 | M67: =MOD(VLOOKUP(LEFT(R67,1),$E$71:$G$82,2,0),12)+1 -> 3 | N67: =IF(M67>1, RIGHT(R67,2),RIGHT(R68,2)) -> 30 | O67: =DATE(N67+100, M67, 1) + 14 + MOD(6 - WEEKDAY(DATE(N67+100, M67, 1)), 7) -> 47557 | P67: =O67-30 -> 47527 | Q67: =P66+1 -> 47500 | R67: G30 | S67: N31
I68: =DATE(RIGHT(J68,2)+100, VLOOKUP(LEFT(J68,1), $I$130:$J$141, 2,0), 1) -> 47543 | J68: H30 | K68: N31 | M68: =MOD(VLOOKUP(LEFT(R68,1),$E$71:$G$82,2,0),12)+1 -> 4 | N68: =IF(M68>1, RIGHT(R68,2),RIGHT(R69,2)) -> 30 | O68: =DATE(N68+100, M68, 1) + 14 + MOD(6 - WEEKDAY(DATE(N68+100, M68, 1)), 7) -> 47592 | P68: =O68-30 -> 47562 | Q68: =P67+1 -> 47528 | R68: H30 | S68: Q31
I69: =DATE(RIGHT(J69,2)+100, VLOOKUP(LEFT(J69,1), $I$130:$J$141, 2,0), 1) -> 47574 | J69: J30 | K69: Q31 | M69: =MOD(VLOOKUP(LEFT(R69,1),$E$71:$G$82,2,0),12)+1 -> 5 | N69: =IF(M69>1, RIGHT(R69,2),RIGHT(R70,2)) -> 30 | O69: =DATE(N69+100, M69, 1) + 14 + MOD(6 - WEEKDAY(DATE(N69+100, M69, 1)), 7) -> 47620 | P69: =O69-30 -> 47590 | Q69: =P68+1 -> 47563 | R69: J30 | S69: U31
I70: =DATE(RIGHT(J70,2)+100, VLOOKUP(LEFT(J70,1), $I$130:$J$141, 2,0), 1) -> 47604 | J70: K30 | K70: U31 | M70: =MOD(VLOOKUP(LEFT(R70,1),$E$71:$G$82,2,0),12)+1 -> 6 | N70: =IF(M70>1, RIGHT(R70,2),RIGHT(R71,2)) -> 30 | O70: =DATE(N70+100, M70, 1) + 14 + MOD(6 - WEEKDAY(DATE(N70+100, M70, 1)), 7) -> 47655 | P70: =O70-30 -> 47625 | Q70: =P69+1 -> 47591 | R70: K30 | S70: V31
A71: F | B71: 1 | E71: F | F71: 1 | G71: Jan | H71: F | I71: =DATE(RIGHT(J71,2)+100, VLOOKUP(LEFT(J71,1), $I$130:$J$141, 2,0), 1) -> 47635 | J71: M30 | K71: V31 | M71: =MOD(VLOOKUP(LEFT(R71,1),$E$71:$G$82,2,0),12)+1 -> 7 | N71: =IF(M71>1, RIGHT(R71,2),RIGHT(R72,2)) -> 30 | O71: =DATE(N71+100, M71, 1) + 14 + MOD(6 - WEEKDAY(DATE(N71+100, M71, 1)), 7) -> 47683 | P71: =O71-30 -> 47653 | Q71: =P70+1 -> 47626 | R71: M30 | S71: X31
A72: G | B72: 2 | E72: G | F72: 2 | G72: Feb | H72: G | I72: =DATE(RIGHT(J72,2)+100, VLOOKUP(LEFT(J72,1), $I$130:$J$141, 2,0), 1) -> 47665 | J72: N30 | K72: X31 | M72: =MOD(VLOOKUP(LEFT(R72,1),$E$71:$G$82,2,0),12)+1 -> 8 | N72: =IF(M72>1, RIGHT(R72,2),RIGHT(R73,2)) -> 30 | O72: =DATE(N72+100, M72, 1) + 14 + MOD(6 - WEEKDAY(DATE(N72+100, M72, 1)), 7) -> 47711 | P72: =O72-30 -> 47681 | Q72: =P71+1 -> 47654 | R72: N30 | S72: Z31
A73: H | B73: 3 | E73: H | F73: 3 | G73: Mar | H73: H | I73: =DATE(RIGHT(J73,2)+100, VLOOKUP(LEFT(J73,1), $I$130:$J$141, 2,0), 1) -> 47696 | J73: Q30 | K73: Z31 | M73: =MOD(VLOOKUP(LEFT(R73,1),$E$71:$G$82,2,0),12)+1 -> 9 | N73: =IF(M73>1, RIGHT(R73,2),RIGHT(R74,2)) -> 30 | O73: =DATE(N73+100, M73, 1) + 14 + MOD(6 - WEEKDAY(DATE(N73+100, M73, 1)), 7) -> 47746 | P73: =O73-30 -> 47716 | Q73: =P72+1 -> 47682 | R73: Q30 | S73: F32
A74: J | B74: 4 | E74: J | F74: 4 | G74: Apr | H74: J | I74: =DATE(RIGHT(J74,2)+100, VLOOKUP(LEFT(J74,1), $I$130:$J$141, 2,0), 1) -> 47727 | J74: U30 | K74: F32 | M74: =MOD(VLOOKUP(LEFT(R74,1),$E$71:$G$82,2,0),12)+1 -> 10 | N74: =IF(M74>1, RIGHT(R74,2),RIGHT(R75,2)) -> 30 | O74: =DATE(N74+100, M74, 1) + 14 + MOD(6 - WEEKDAY(DATE(N74+100, M74, 1)), 7) -> 47774 | P74: =O74-30 -> 47744 | Q74: =P73+1 -> 47717 | R74: U30 | S74: G32
A75: K | B75: 5 | E75: K | F75: 5 | G75: May | H75: K | I75: =DATE(RIGHT(J75,2)+100, VLOOKUP(LEFT(J75,1), $I$130:$J$141, 2,0), 1) -> 47757 | J75: V30 | K75: G32 | M75: =MOD(VLOOKUP(LEFT(R75,1),$E$71:$G$82,2,0),12)+1 -> 11 | N75: =IF(M75>1, RIGHT(R75,2),RIGHT(R76,2)) -> 30 | O75: =DATE(N75+100, M75, 1) + 14 + MOD(6 - WEEKDAY(DATE(N75+100, M75, 1)), 7) -> 47802 | P75: =O75-30 -> 47772 | Q75: =P74+1 -> 47745 | R75: V30 | S75: H32
A76: M | B76: 6 | E76: M | F76: 6 | G76: Jun | H76: M | I76: =DATE(RIGHT(J76,2)+100, VLOOKUP(LEFT(J76,1), $I$130:$J$141, 2,0), 1) -> 47788 | J76: X30 | K76: H32 | M76: =MOD(VLOOKUP(LEFT(R76,1),$E$71:$G$82,2,0),12)+1 -> 12 | N76: =IF(M76>1, RIGHT(R76,2),RIGHT(R77,2)) -> 30 | O76: =DATE(N76+100, M76, 1) + 14 + MOD(6 - WEEKDAY(DATE(N76+100, M76, 1)), 7) -> 47837 | P76: =O76-30 -> 47807 | Q76: =P75+1 -> 47773 | R76: X30 | S76: J32
A77: N | B77: 7 | E77: N | F77: 7 | G77: Jul | H77: N | I77: =DATE(RIGHT(J77,2)+100, VLOOKUP(LEFT(J77,1), $I$130:$J$141, 2,0), 1) -> 47818 | J77: Z30 | K77: J32 | M77: =MOD(VLOOKUP(LEFT(R77,1),$E$71:$G$82,2,0),12)+1 -> 1 | N77: =IF(M77>1, RIGHT(R77,2),RIGHT(R78,2)) -> 31 | O77: =DATE(N77+100, M77, 1) + 14 + MOD(6 - WEEKDAY(DATE(N77+100, M77, 1)), 7) -> 47865 | P77: =O77-30 -> 47835 | Q77: =P76+1 -> 47808 | R77: Z30 | S77: K32
A78: Q | B78: 8 | E78: Q | F78: 8 | G78: Aug | H78: Q | I78: =DATE(RIGHT(J78,2)+100, VLOOKUP(LEFT(J78,1), $I$130:$J$141, 2,0), 1) -> 47849 | J78: F31 | K78: K32 | M78: =MOD(VLOOKUP(LEFT(R78,1),$E$71:$G$82,2,0),12)+1 -> 2 | N78: =IF(M78>1, RIGHT(R78,2),RIGHT(R79,2)) -> 31 | O78: =DATE(N78+100, M78, 1) + 14 + MOD(6 - WEEKDAY(DATE(N78+100, M78, 1)), 7) -> 47900 | P78: =O78-30 -> 47870 | Q78: =P77+1 -> 47836 | R78: F31 | S78: M32
A79: U | B79: 9 | E79: U | F79: 9 | G79: Sep | H79: U | I79: =DATE(RIGHT(J79,2)+100, VLOOKUP(LEFT(J79,1), $I$130:$J$141, 2,0), 1) -> 47880 | J79: G31 | K79: M32 | M79: =MOD(VLOOKUP(LEFT(R79,1),$E$71:$G$82,2,0),12)+1 -> 3 | N79: =IF(M79>1, RIGHT(R79,2),RIGHT(R80,2)) -> 31 | O79: =DATE(N79+100, M79, 1) + 14 + MOD(6 - WEEKDAY(DATE(N79+100, M79, 1)), 7) -> 47928 | P79: =O79-30 -> 47898 | Q79: =P78+1 -> 47871 | R79: G31 | S79: N32
A80: V | B80: 10 | E80: V | F80: 10 | G80: Oct | H80: V | I80: =DATE(RIGHT(J80,2)+100, VLOOKUP(LEFT(J80,1), $I$130:$J$141, 2,0), 1) -> 47908 | J80: H31 | K80: N32 | M80: =MOD(VLOOKUP(LEFT(R80,1),$E$71:$G$82,2,0),12)+1 -> 4 | N80: =IF(M80>1, RIGHT(R80,2),RIGHT(R81,2)) -> 31 | O80: =DATE(N80+100, M80, 1) + 14 + MOD(6 - WEEKDAY(DATE(N80+100, M80, 1)), 7) -> 47956 | P80: =O80-30 -> 47926 | Q80: =P79+1 -> 47899 | R80: H31 | S80: Q32
A81: X | B81: 11 | E81: X | F81: 11 | G81: Nov | H81: X | I81: =DATE(RIGHT(J81,2)+100, VLOOKUP(LEFT(J81,1), $I$130:$J$141, 2,0), 1) -> 47939 | J81: J31 | K81: Q32 | M81: =MOD(VLOOKUP(LEFT(R81,1),$E$71:$G$82,2,0),12)+1 -> 5 | N81: =IF(M81>1, RIGHT(R81,2),RIGHT(R82,2)) -> 31 | O81: =DATE(N81+100, M81, 1) + 14 + MOD(6 - WEEKDAY(DATE(N81+100, M81, 1)), 7) -> 47984 | P81: =O81-30 -> 47954 | Q81: =P80+1 -> 47927 | R81: J31 | S81: U32
A82: Z | B82: 12 | E82: Z | F82: 12 | G82: Dec | H82: Z | I82: =DATE(RIGHT(J82,2)+100, VLOOKUP(LEFT(J82,1), $I$130:$J$141, 2,0), 1) -> 47969 | J82: K31 | K82: U32 | M82: =MOD(VLOOKUP(LEFT(R82,1),$E$71:$G$82,2,0),12)+1 -> 6 | N82: =IF(M82>1, RIGHT(R82,2),RIGHT(R83,2)) -> 31 | O82: =DATE(N82+100, M82, 1) + 14 + MOD(6 - WEEKDAY(DATE(N82+100, M82, 1)), 7) -> 48019 | P82: =O82-30 -> 47989 | Q82: =P81+1 -> 47955 | R82: K31 | S82: V32
I83: =DATE(RIGHT(J83,2)+100, VLOOKUP(LEFT(J83,1), $I$130:$J$141, 2,0), 1) -> 48000 | J83: M31 | K83: V32 | M83: =MOD(VLOOKUP(LEFT(R83,1),$E$71:$G$82,2,0),12)+1 -> 7 | N83: =IF(M83>1, RIGHT(R83,2),RIGHT(R84,2)) -> 31 | O83: =DATE(N83+100, M83, 1) + 14 + MOD(6 - WEEKDAY(DATE(N83+100, M83, 1)), 7) -> 48047 | P83: =O83-30 -> 48017 | Q83: =P82+1 -> 47990 | R83: M31 | S83: X32
I84: =DATE(RIGHT(J84,2)+100, VLOOKUP(LEFT(J84,1), $I$130:$J$141, 2,0), 1) -> 48030 | J84: N31 | K84: X32 | M84: =MOD(VLOOKUP(LEFT(R84,1),$E$71:$G$82,2,0),12)+1 -> 8 | N84: =IF(M84>1, RIGHT(R84,2),RIGHT(R85,2)) -> 31 | O84: =DATE(N84+100, M84, 1) + 14 + MOD(6 - WEEKDAY(DATE(N84+100, M84, 1)), 7) -> 48075 | P84: =O84-30 -> 48045 | Q84: =P83+1 -> 48018 | R84: N31 | S84: Z32
I85: =DATE(RIGHT(J85,2)+100, VLOOKUP(LEFT(J85,1), $I$130:$J$141, 2,0), 1) -> 48061 | J85: Q31 | K85: Z32 | M85: =MOD(VLOOKUP(LEFT(R85,1),$E$71:$G$82,2,0),12)+1 -> 9 | N85: =IF(M85>1, RIGHT(R85,2),RIGHT(R86,2)) -> 31 | O85: =DATE(N85+100, M85, 1) + 14 + MOD(6 - WEEKDAY(DATE(N85+100, M85, 1)), 7) -> 48110 | P85: =O85-30 -> 48080 | Q85: =P84+1 -> 48046 | R85: Q31 | S85: F33
I86: =DATE(RIGHT(J86,2)+100, VLOOKUP(LEFT(J86,1), $I$130:$J$141, 2,0), 1) -> 48092 | J86: U31 | K86: F33 | M86: =MOD(VLOOKUP(LEFT(R86,1),$E$71:$G$82,2,0),12)+1 -> 10 | N86: =IF(M86>1, RIGHT(R86,2),RIGHT(R87,2)) -> 31 | O86: =DATE(N86+100, M86, 1) + 14 + MOD(6 - WEEKDAY(DATE(N86+100, M86, 1)), 7) -> 48138 | P86: =O86-30 -> 48108 | Q86: =P85+1 -> 48081 | R86: U31 | S86: G33
I87: =DATE(RIGHT(J87,2)+100, VLOOKUP(LEFT(J87,1), $I$130:$J$141, 2,0), 1) -> 48122 | J87: V31 | K87: G33 | M87: =MOD(VLOOKUP(LEFT(R87,1),$E$71:$G$82,2,0),12)+1 -> 11 | N87: =IF(M87>1, RIGHT(R87,2),RIGHT(R88,2)) -> 31 | O87: =DATE(N87+100, M87, 1) + 14 + MOD(6 - WEEKDAY(DATE(N87+100, M87, 1)), 7) -> 48173 | P87: =O87-30 -> 48143 | Q87: =P86+1 -> 48109 | R87: V31 | S87: H33
I88: =DATE(RIGHT(J88,2)+100, VLOOKUP(LEFT(J88,1), $I$130:$J$141, 2,0), 1) -> 48153 | J88: X31 | K88: H33 | M88: =MOD(VLOOKUP(LEFT(R88,1),$E$71:$G$82,2,0),12)+1 -> 12 | N88: =IF(M88>1, RIGHT(R88,2),RIGHT(R89,2)) -> 31 | O88: =DATE(N88+100, M88, 1) + 14 + MOD(6 - WEEKDAY(DATE(N88+100, M88, 1)), 7) -> 48201 | P88: =O88-30 -> 48171 | Q88: =P87+1 -> 48144 | R88: X31 | S88: J33
I89: =DATE(RIGHT(J89,2)+100, VLOOKUP(LEFT(J89,1), $I$130:$J$141, 2,0), 1) -> 48183 | J89: Z31 | K89: J33 | M89: =MOD(VLOOKUP(LEFT(R89,1),$E$71:$G$82,2,0),12)+1 -> 1 | N89: =IF(M89>1, RIGHT(R89,2),RIGHT(R90,2)) -> 32 | O89: =DATE(N89+100, M89, 1) + 14 + MOD(6 - WEEKDAY(DATE(N89+100, M89, 1)), 7) -> 48229 | P89: =O89-30 -> 48199 | Q89: =P88+1 -> 48172 | R89: Z31 | S89: K33
I90: =DATE(RIGHT(J90,2)+100, VLOOKUP(LEFT(J90,1), $I$130:$J$141, 2,0), 1) -> 48214 | J90: F32 | K90: K33 | M90: =MOD(VLOOKUP(LEFT(R90,1),$E$71:$G$82,2,0),12)+1 -> 2 | N90: =IF(M90>1, RIGHT(R90,2),RIGHT(R91,2)) -> 32 | O90: =DATE(N90+100, M90, 1) + 14 + MOD(6 - WEEKDAY(DATE(N90+100, M90, 1)), 7) -> 48264 | P90: =O90-30 -> 48234 | Q90: =P89+1 -> 48200 | R90: F32 | S90: M33
I91: =DATE(RIGHT(J91,2)+100, VLOOKUP(LEFT(J91,1), $I$130:$J$141, 2,0), 1) -> 48245 | J91: G32 | K91: M33 | M91: =MOD(VLOOKUP(LEFT(R91,1),$E$71:$G$82,2,0),12)+1 -> 3 | N91: =IF(M91>1, RIGHT(R91,2),RIGHT(R92,2)) -> 32 | O91: =DATE(N91+100, M91, 1) + 14 + MOD(6 - WEEKDAY(DATE(N91+100, M91, 1)), 7) -> 48292 | P91: =O91-30 -> 48262 | Q91: =P90+1 -> 48235 | R91: G32 | S91: N33
I92: =DATE(RIGHT(J92,2)+100, VLOOKUP(LEFT(J92,1), $I$130:$J$141, 2,0), 1) -> 48274 | J92: H32 | K92: N33 | M92: =MOD(VLOOKUP(LEFT(R92,1),$E$71:$G$82,2,0),12)+1 -> 4 | N92: =IF(M92>1, RIGHT(R92,2),RIGHT(R93,2)) -> 32 | O92: =DATE(N92+100, M92, 1) + 14 + MOD(6 - WEEKDAY(DATE(N92+100, M92, 1)), 7) -> 48320 | P92: =O92-30 -> 48290 | Q92: =P91+1 -> 48263 | R92: H32 | S92: Q33
I93: =DATE(RIGHT(J93,2)+100, VLOOKUP(LEFT(J93,1), $I$130:$J$141, 2,0), 1) -> 48305 | J93: J32 | K93: Q33 | M93: =MOD(VLOOKUP(LEFT(R93,1),$E$71:$G$82,2,0),12)+1 -> 5 | N93: =IF(M93>1, RIGHT(R93,2),RIGHT(R94,2)) -> 32 | O93: =DATE(N93+100, M93, 1) + 14 + MOD(6 - WEEKDAY(DATE(N93+100, M93, 1)), 7) -> 48355 | P93: =O93-30 -> 48325 | Q93: =P92+1 -> 48291 | R93: J32 | S93: U33
I94: =DATE(RIGHT(J94,2)+100, VLOOKUP(LEFT(J94,1), $I$130:$J$141, 2,0), 1) -> 48335 | J94: K32 | K94: U33 | M94: =MOD(VLOOKUP(LEFT(R94,1),$E$71:$G$82,2,0),12)+1 -> 6 | N94: =IF(M94>1, RIGHT(R94,2),RIGHT(R95,2)) -> 32 | O94: =DATE(N94+100, M94, 1) + 14 + MOD(6 - WEEKDAY(DATE(N94+100, M94, 1)), 7) -> 48383 | P94: =O94-30 -> 48353 | Q94: =P93+1 -> 48326 | R94: K32 | S94: V33
... I108: =DATE(RIGHT(J108,2)+100, VLOOKUP(LEFT(J108,1), $I$130:$J$141, 2,0), 1) -> 48761 | J108: N33 | K108: X34 | M108: =MOD(VLOOKUP(LEFT(R108,1),$E$71:$G$82,2,0),12)+1 -> 8 | N108: =IF(M108>1, RIGHT(R108,2),RIGHT(R109,2)) -> 33 | O108: =DATE(N108+100, M108, 1) + 14 + MOD(6 - WEEKDAY(DATE(N108+100, M108, 1)), 7) -> 48810 | P108: =O108-30 -> 48780 | Q108: =P107+1 -> 48746 | R108: N33 | S108: Z34
I109: =DATE(RIGHT(J109,2)+100, VLOOKUP(LEFT(J109,1), $I$130:$J$141, 2,0), 1) -> 48792 | J109: Q33 | K109: Z34 | M109: =MOD(VLOOKUP(LEFT(R109,1),$E$71:$G$82,2,0),12)+1 -> 9 | N109: =IF(M109>1, RIGHT(R109,2),RIGHT(R110,2)) -> 33 | O109: =DATE(N109+100, M109, 1) + 14 + MOD(6 - WEEKDAY(DATE(N109+100, M109, 1)), 7) -> 48838 | P109: =O109-30 -> 48808 | Q109: =P108+1 -> 48781 | R109: Q33
I110: =DATE(RIGHT(J110,2)+100, VLOOKUP(LEFT(J110,1), $I$130:$J$141, 2,0), 1) -> 48823 | J110: U33 | M110: =MOD(VLOOKUP(LEFT(R110,1),$E$71:$G$82,2,0),12)+1 -> 10 | N110: =IF(M110>1, RIGHT(R110,2),RIGHT(R111,2)) -> 33 | O110: =DATE(N110+100, M110, 1) + 14 + MOD(6 - WEEKDAY(DATE(N110+100, M110, 1)), 7) -> 48873 | P110: =O110-30 -> 48843 | Q110: =P109+1 -> 48809 | R110: U33
I111: =DATE(RIGHT(J111,2)+100, VLOOKUP(LEFT(J111,1), $I$130:$J$141, 2,0), 1) -> 48853 | J111: V33 | M111: =MOD(VLOOKUP(LEFT(R111,1),$E$71:$G$82,2,0),12)+1 -> 11 | N111: =IF(M111>1, RIGHT(R111,2),RIGHT(R112,2)) -> 33 | O111: =DATE(N111+100, M111, 1) + 14 + MOD(6 - WEEKDAY(DATE(N111+100, M111, 1)), 7) -> 48901 | P111: =O111-30 -> 48871 | Q111: =P110+1 -> 48844 | R111: V33
I112: =DATE(RIGHT(J112,2)+100, VLOOKUP(LEFT(J112,1), $I$130:$J$141, 2,0), 1) -> 48884 | J112: X33 | M112: =MOD(VLOOKUP(LEFT(R112,1),$E$71:$G$82,2,0),12)+1 -> 12 | N112: =IF(M112>1, RIGHT(R112,2),RIGHT(R113,2)) -> 33 | O112: =DATE(N112+100, M112, 1) + 14 + MOD(6 - WEEKDAY(DATE(N112+100, M112, 1)), 7) -> 48929 | P112: =O112-30 -> 48899 | Q112: =P111+1 -> 48872 | R112: X33
I113: =DATE(RIGHT(J113,2)+100, VLOOKUP(LEFT(J113,1), $I$130:$J$141, 2,0), 1) -> 48914 | J113: Z33 | M113: =MOD(VLOOKUP(LEFT(R113,1),$E$71:$G$82,2,0),12)+1 -> 1 | N113: =IF(M113>1, RIGHT(R113,2),RIGHT(R114,2)) -> 34 | O113: =DATE(N113+100, M113, 1) + 14 + MOD(6 - WEEKDAY(DATE(N113+100, M113, 1)), 7) -> 48964 | P113: =O113-30 -> 48934 | Q113: =P112+1 -> 48900 | R113: Z33
I114: =DATE(RIGHT(J114,2)+100, VLOOKUP(LEFT(J114,1), $I$130:$J$141, 2,0), 1) -> 48945 | J114: F34 | M114: =MOD(VLOOKUP(LEFT(R114,1),$E$71:$G$82,2,0),12)+1 -> 2 | N114: =IF(M114>1, RIGHT(R114,2),RIGHT(R115,2)) -> 34 | O114: =DATE(N114+100, M114, 1) + 14 + MOD(6 - WEEKDAY(DATE(N114+100, M114, 1)), 7) -> 48992 | P114: =O114-30 -> 48962 | Q114: =P113+1 -> 48935 | R114: F34
I115: =DATE(RIGHT(J115,2)+100, VLOOKUP(LEFT(J115,1), $I$130:$J$141, 2,0), 1) -> 48976 | J115: G34 | M115: =MOD(VLOOKUP(LEFT(R115,1),$E$71:$G$82,2,0),12)+1 -> 3 | N115: =IF(M115>1, RIGHT(R115,2),RIGHT(R116,2)) -> 34 | O115: =DATE(N115+100, M115, 1) + 14 + MOD(6 - WEEKDAY(DATE(N115+100, M115, 1)), 7) -> 49020 | P115: =O115-30 -> 48990 | Q115: =P114+1 -> 48963 | R115: G34
I116: =DATE(RIGHT(J116,2)+100, VLOOKUP(LEFT(J116,1), $I$130:$J$141, 2,0), 1) -> 49004 | J116: H34 | M116: =MOD(VLOOKUP(LEFT(R116,1),$E$71:$G$82,2,0),12)+1 -> 4 | N116: =IF(M116>1, RIGHT(R116,2),RIGHT(R117,2)) -> 34 | O116: =DATE(N116+100, M116, 1) + 14 + MOD(6 - WEEKDAY(DATE(N116+100, M116, 1)), 7) -> 49055 | P116: =O116-30 -> 49025 | Q116: =P115+1 -> 48991 | R116: H34
I117: =DATE(RIGHT(J117,2)+100, VLOOKUP(LEFT(J117,1), $I$130:$J$141, 2,0), 1) -> 49035 | J117: J34 | M117: =MOD(VLOOKUP(LEFT(R117,1),$E$71:$G$82,2,0),12)+1 -> 5 | N117: =IF(M117>1, RIGHT(R117,2),RIGHT(R118,2)) -> 34 | O117: =DATE(N117+100, M117, 1) + 14 + MOD(6 - WEEKDAY(DATE(N117+100, M117, 1)), 7) -> 49083 | P117: =O117-30 -> 49053 | Q117: =P116+1 -> 49026 | R117: J34
I118: =DATE(RIGHT(J118,2)+100, VLOOKUP(LEFT(J118,1), $I$130:$J$141, 2,0), 1) -> 49065 | J118: K34 | M118: =MOD(VLOOKUP(LEFT(R118,1),$E$71:$G$82,2,0),12)+1 -> 6 | N118: =IF(M118>1, RIGHT(R118,2),RIGHT(R119,2)) -> 34 | O118: =DATE(N118+100, M118, 1) + 14 + MOD(6 - WEEKDAY(DATE(N118+100, M118, 1)), 7) -> 49111 | P118: =O118-30 -> 49081 | Q118: =P117+1 -> 49054 | R118: K34
I119: =DATE(RIGHT(J119,2)+100, VLOOKUP(LEFT(J119,1), $I$130:$J$141, 2,0), 1) -> 49096 | J119: M34 | M119: =MOD(VLOOKUP(LEFT(R119,1),$E$71:$G$82,2,0),12)+1 -> 7 | N119: =IF(M119>1, RIGHT(R119,2),RIGHT(R120,2)) -> 34 | O119: =DATE(N119+100, M119, 1) + 14 + MOD(6 - WEEKDAY(DATE(N119+100, M119, 1)), 7) -> 49146 | P119: =O119-30 -> 49116 | Q119: =P118+1 -> 49082 | R119: M34
I120: =DATE(RIGHT(J120,2)+100, VLOOKUP(LEFT(J120,1), $I$130:$J$141, 2,0), 1) -> 49126 | J120: N34 | M120: =MOD(VLOOKUP(LEFT(R120,1),$E$71:$G$82,2,0),12)+1 -> 8 | N120: =IF(M120>1, RIGHT(R120,2),RIGHT(R121,2)) -> 34 | O120: =DATE(N120+100, M120, 1) + 14 + MOD(6 - WEEKDAY(DATE(N120+100, M120, 1)), 7) -> 49174 | P120: =O120-30 -> 49144 | Q120: =P119+1 -> 49117 | R120: N34
I121: =DATE(RIGHT(J121,2)+100, VLOOKUP(LEFT(J121,1), $I$130:$J$141, 2,0), 1) -> 49157 | J121: Q34 | M121: =MOD(VLOOKUP(LEFT(R121,1),$E$71:$G$82,2,0),12)+1 -> 9 | N121: =IF(M121>1, RIGHT(R121,2),RIGHT(R122,2)) -> 34 | O121: =DATE(N121+100, M121, 1) + 14 + MOD(6 - WEEKDAY(DATE(N121+100, M121, 1)), 7) -> 49202 | P121: =O121-30 -> 49172 | Q121: =P120+1 -> 49145 | R121: Q34
... I125: =DATE(RIGHT(J125,2)+100, VLOOKUP(LEFT(J125,1), $I$130:$J$141, 2,0), 1) -> 49279 | J125: Z34 | M125: =MOD(VLOOKUP(LEFT(R125,1),$E$71:$G$82,2,0),12)+1 -> 1 | N125: =IF(M125>1, RIGHT(R125,2),RIGHT(R126,2)) -> 35 | O125: =DATE(N125+100, M125, 1) + 14 + MOD(6 - WEEKDAY(DATE(N125+100, M125, 1)), 7) -> 49328 | P125: =O125-30 -> 49298 | Q125: =P124+1 -> 49264 | R125: Z34
M126: =MOD(VLOOKUP(LEFT(R126,1),$E$71:$G$82,2,0),12)+1 -> 4 | Q126: =P125+1 -> 49299 | R126: H35
I130: F | J130: 1
I131: G | J131: 2
I132: H | J132: 3
I133: J | J133: 4
...

Sheet MEETS_bg
A1: meeting dates
A2: USA | B2: 46190 | C2: 46232 | D2: 46281 | E2: 46323 | F2: 46365 | G2: 46414 | H2: 46463 | I2: 46505 | J2: 46547 | K2: 46596 | L2: 46645 | M2: 46687 | N2: 46729 | O2: 46778 | P2: 46827 | Q2: 46838
A3: ER | B3: 46184 | C3: 46226 | D3: 46275 | E3: 46324 | F3: 46373 | G3: 46422 | H3: 46464 | I3: 46506 | J3: 46548 | K3: 46225 | L3: 46639 | M3: 46688 | N3: 46737 | O3: 46786 | P3: 46835 | Q3: 46877 | R3: 46912 | S3: 46954 | T3: 47003 | U3: 47038 | V3: 47094
A4: SO3 | B4: 46191 | C4: 46233 | D4: 46282 | E4: 46331 | F4: 46373 | G4: 46422 | H4: 46464 | I4: 46506 | J4: 46555 | K4: 46597 | L4: 46646 | M4: 46695 | N4: 46737
A5: CRA | B5: 46001 | C5: 46050 | D5: 46099 | E5: 46141 | F5: 46183 | G5: 46218 | H5: 46267 | I5: 46323 | J5: 46365
A6: SA3 | B6: 45827 | C6: 45925 | D6: 46002 | E6: 46100 | F6: 46191 | G6: 46289 | H6: 46366

Sheet ratio_bg
A1: ratio | B1: name | C1: group
A2: [0.01] | B2: Out | C2: Out
A4: [1, -1] | B4: S3 | C4: spread
A5: [1, 0, -1] | B5: S6 | C5: spread
A6: [1, 0, 0, 0, -1] | B6: S12 | C6: spread
A8: [1, -2, 1] | B8: L3 | C8: Fly
A9: [1, -1, -1, 1] | B9: S3- S3 (n+2) | C9: Fly
A11: [1, -1, -1, 1] | B11: S6- S6 (n+1) | C11: Fly
A12: [1, 0, -2, 0, 1] | B12: L6 | C12: Fly
A14: [1, -1, 0, 0, -1, 1] | B14: S12- S12 (n+1) | C14: Fly
A15: [1, 0, -1, 0, -1, 0, 1] | B15: S12- S12 (n+2) | C15: Fly
A16: [1, 0, 0, -1, -1, 0, 0, 1] | B16: S12- S12 (n+3) | C16: Fly
... A52: [0.03, -0.02] | B52: 3x O- 2x O (n+1) | C52: Out ratio
